"","x","y","group","foldchange"
"Loc1",0.0111111111111111,0.0111111111111111,"A",1
"Loc2",0.0333333333333333,0.0111111111111111,"A",1
"Loc3",0.0555555555555556,0.0111111111111111,"A",1
"Loc4",0.0777777777777778,0.0111111111111111,"A",1
"Loc5",0.1,0.0111111111111111,"A",1
"Loc6",0.122222222222222,0.0111111111111111,"A",1
"Loc7",0.144444444444444,0.0111111111111111,"A",1
"Loc8",0.166666666666667,0.0111111111111111,"A",1
"Loc9",0.188888888888889,0.0111111111111111,"A",1
"Loc10",0.211111111111111,0.0111111111111111,"A",1
"Loc11",0.233333333333333,0.0111111111111111,"A",1
"Loc12",0.255555555555556,0.0111111111111111,"A",1
"Loc13",0.277777777777778,0.0111111111111111,"A",1
"Loc14",0.3,0.0111111111111111,"A",1
"Loc15",0.322222222222222,0.0111111111111111,"A",1
"Loc16",0.344444444444444,0.0111111111111111,"A",1
"Loc17",0.366666666666667,0.0111111111111111,"A",1
"Loc18",0.388888888888889,0.0111111111111111,"A",1
"Loc19",0.411111111111111,0.0111111111111111,"A",1
"Loc20",0.433333333333333,0.0111111111111111,"A",1
"Loc21",0.455555555555556,0.0111111111111111,"A",1
"Loc22",0.477777777777778,0.0111111111111111,"A",1
"Loc23",0.5,0.0111111111111111,"A",1
"Loc24",0.522222222222222,0.0111111111111111,"A",1
"Loc25",0.544444444444445,0.0111111111111111,"A",1
"Loc26",0.566666666666667,0.0111111111111111,"A",1
"Loc27",0.588888888888889,0.0111111111111111,"A",1
"Loc28",0.611111111111111,0.0111111111111111,"A",1
"Loc29",0.633333333333333,0.0111111111111111,"A",1
"Loc30",0.655555555555556,0.0111111111111111,"A",1
"Loc31",0.677777777777778,0.0111111111111111,"A",1
"Loc32",0.7,0.0111111111111111,"A",1
"Loc33",0.722222222222222,0.0111111111111111,"A",1
"Loc34",0.744444444444444,0.0111111111111111,"A",1
"Loc35",0.766666666666667,0.0111111111111111,"A",1
"Loc36",0.788888888888889,0.0111111111111111,"A",1
"Loc37",0.811111111111111,0.0111111111111111,"A",1
"Loc38",0.833333333333333,0.0111111111111111,"A",1
"Loc39",0.855555555555556,0.0111111111111111,"A",1
"Loc40",0.877777777777778,0.0111111111111111,"A",1
"Loc41",0.9,0.0111111111111111,"A",1
"Loc42",0.922222222222222,0.0111111111111111,"A",1
"Loc43",0.944444444444445,0.0111111111111111,"A",1
"Loc44",0.966666666666667,0.0111111111111111,"A",1
"Loc45",0.988888888888889,0.0111111111111111,"A",1
"Loc46",0.0111111111111111,0.0333333333333333,"A",1
"Loc47",0.0333333333333333,0.0333333333333333,"A",1
"Loc48",0.0555555555555556,0.0333333333333333,"A",1
"Loc49",0.0777777777777778,0.0333333333333333,"A",1
"Loc50",0.1,0.0333333333333333,"A",1
"Loc51",0.122222222222222,0.0333333333333333,"A",1
"Loc52",0.144444444444444,0.0333333333333333,"A",1
"Loc53",0.166666666666667,0.0333333333333333,"A",1
"Loc54",0.188888888888889,0.0333333333333333,"A",1
"Loc55",0.211111111111111,0.0333333333333333,"A",1
"Loc56",0.233333333333333,0.0333333333333333,"A",1
"Loc57",0.255555555555556,0.0333333333333333,"A",1
"Loc58",0.277777777777778,0.0333333333333333,"A",1
"Loc59",0.3,0.0333333333333333,"A",1
"Loc60",0.322222222222222,0.0333333333333333,"A",1
"Loc61",0.344444444444444,0.0333333333333333,"A",1
"Loc62",0.366666666666667,0.0333333333333333,"A",1
"Loc63",0.388888888888889,0.0333333333333333,"A",1
"Loc64",0.411111111111111,0.0333333333333333,"A",1
"Loc65",0.433333333333333,0.0333333333333333,"A",1
"Loc66",0.455555555555556,0.0333333333333333,"A",1
"Loc67",0.477777777777778,0.0333333333333333,"A",1
"Loc68",0.5,0.0333333333333333,"A",1
"Loc69",0.522222222222222,0.0333333333333333,"A",1
"Loc70",0.544444444444445,0.0333333333333333,"A",1
"Loc71",0.566666666666667,0.0333333333333333,"A",1
"Loc72",0.588888888888889,0.0333333333333333,"A",1
"Loc73",0.611111111111111,0.0333333333333333,"A",1
"Loc74",0.633333333333333,0.0333333333333333,"A",1
"Loc75",0.655555555555556,0.0333333333333333,"A",1
"Loc76",0.677777777777778,0.0333333333333333,"A",1
"Loc77",0.7,0.0333333333333333,"A",1
"Loc78",0.722222222222222,0.0333333333333333,"A",1
"Loc79",0.744444444444444,0.0333333333333333,"A",1
"Loc80",0.766666666666667,0.0333333333333333,"A",1
"Loc81",0.788888888888889,0.0333333333333333,"A",1
"Loc82",0.811111111111111,0.0333333333333333,"A",1
"Loc83",0.833333333333333,0.0333333333333333,"A",1
"Loc84",0.855555555555556,0.0333333333333333,"A",1
"Loc85",0.877777777777778,0.0333333333333333,"A",1
"Loc86",0.9,0.0333333333333333,"A",1
"Loc87",0.922222222222222,0.0333333333333333,"A",1
"Loc88",0.944444444444445,0.0333333333333333,"A",1
"Loc89",0.966666666666667,0.0333333333333333,"A",1
"Loc90",0.988888888888889,0.0333333333333333,"A",1
"Loc91",0.0111111111111111,0.0555555555555556,"A",1
"Loc92",0.0333333333333333,0.0555555555555556,"A",1
"Loc93",0.0555555555555556,0.0555555555555556,"A",1
"Loc94",0.0777777777777778,0.0555555555555556,"A",1
"Loc95",0.1,0.0555555555555556,"A",1
"Loc96",0.122222222222222,0.0555555555555556,"A",1
"Loc97",0.144444444444444,0.0555555555555556,"A",1
"Loc98",0.166666666666667,0.0555555555555556,"A",1
"Loc99",0.188888888888889,0.0555555555555556,"A",1
"Loc100",0.211111111111111,0.0555555555555556,"A",1
"Loc101",0.233333333333333,0.0555555555555556,"A",1
"Loc102",0.255555555555556,0.0555555555555556,"A",1
"Loc103",0.277777777777778,0.0555555555555556,"A",1
"Loc104",0.3,0.0555555555555556,"A",1
"Loc105",0.322222222222222,0.0555555555555556,"A",1
"Loc106",0.344444444444444,0.0555555555555556,"A",1
"Loc107",0.366666666666667,0.0555555555555556,"A",1
"Loc108",0.388888888888889,0.0555555555555556,"A",1
"Loc109",0.411111111111111,0.0555555555555556,"A",1
"Loc110",0.433333333333333,0.0555555555555556,"A",1
"Loc111",0.455555555555556,0.0555555555555556,"A",1
"Loc112",0.477777777777778,0.0555555555555556,"A",1
"Loc113",0.5,0.0555555555555556,"A",1
"Loc114",0.522222222222222,0.0555555555555556,"A",1
"Loc115",0.544444444444445,0.0555555555555556,"A",1
"Loc116",0.566666666666667,0.0555555555555556,"A",1
"Loc117",0.588888888888889,0.0555555555555556,"A",1
"Loc118",0.611111111111111,0.0555555555555556,"A",1
"Loc119",0.633333333333333,0.0555555555555556,"A",1
"Loc120",0.655555555555556,0.0555555555555556,"A",1
"Loc121",0.677777777777778,0.0555555555555556,"A",1
"Loc122",0.7,0.0555555555555556,"A",1
"Loc123",0.722222222222222,0.0555555555555556,"A",1
"Loc124",0.744444444444444,0.0555555555555556,"A",1
"Loc125",0.766666666666667,0.0555555555555556,"A",1
"Loc126",0.788888888888889,0.0555555555555556,"A",1
"Loc127",0.811111111111111,0.0555555555555556,"A",1
"Loc128",0.833333333333333,0.0555555555555556,"A",1
"Loc129",0.855555555555556,0.0555555555555556,"A",1
"Loc130",0.877777777777778,0.0555555555555556,"A",1
"Loc131",0.9,0.0555555555555556,"A",1
"Loc132",0.922222222222222,0.0555555555555556,"A",1
"Loc133",0.944444444444445,0.0555555555555556,"A",1
"Loc134",0.966666666666667,0.0555555555555556,"A",1
"Loc135",0.988888888888889,0.0555555555555556,"A",1
"Loc136",0.0111111111111111,0.0777777777777778,"A",1
"Loc137",0.0333333333333333,0.0777777777777778,"A",1
"Loc138",0.0555555555555556,0.0777777777777778,"A",1
"Loc139",0.0777777777777778,0.0777777777777778,"A",1
"Loc140",0.1,0.0777777777777778,"A",1
"Loc141",0.122222222222222,0.0777777777777778,"A",1
"Loc142",0.144444444444444,0.0777777777777778,"A",1
"Loc143",0.166666666666667,0.0777777777777778,"A",1
"Loc144",0.188888888888889,0.0777777777777778,"A",1
"Loc145",0.211111111111111,0.0777777777777778,"A",1
"Loc146",0.233333333333333,0.0777777777777778,"A",1
"Loc147",0.255555555555556,0.0777777777777778,"A",1
"Loc148",0.277777777777778,0.0777777777777778,"A",1
"Loc149",0.3,0.0777777777777778,"A",1
"Loc150",0.322222222222222,0.0777777777777778,"A",1
"Loc151",0.344444444444444,0.0777777777777778,"A",1
"Loc152",0.366666666666667,0.0777777777777778,"A",1
"Loc153",0.388888888888889,0.0777777777777778,"A",1
"Loc154",0.411111111111111,0.0777777777777778,"A",1
"Loc155",0.433333333333333,0.0777777777777778,"A",1
"Loc156",0.455555555555556,0.0777777777777778,"A",1
"Loc157",0.477777777777778,0.0777777777777778,"A",1
"Loc158",0.5,0.0777777777777778,"A",1
"Loc159",0.522222222222222,0.0777777777777778,"A",1
"Loc160",0.544444444444445,0.0777777777777778,"A",1
"Loc161",0.566666666666667,0.0777777777777778,"A",1
"Loc162",0.588888888888889,0.0777777777777778,"A",1
"Loc163",0.611111111111111,0.0777777777777778,"A",1
"Loc164",0.633333333333333,0.0777777777777778,"A",1
"Loc165",0.655555555555556,0.0777777777777778,"A",1
"Loc166",0.677777777777778,0.0777777777777778,"A",1
"Loc167",0.7,0.0777777777777778,"A",1
"Loc168",0.722222222222222,0.0777777777777778,"A",1
"Loc169",0.744444444444444,0.0777777777777778,"A",1
"Loc170",0.766666666666667,0.0777777777777778,"A",1
"Loc171",0.788888888888889,0.0777777777777778,"A",1
"Loc172",0.811111111111111,0.0777777777777778,"A",1
"Loc173",0.833333333333333,0.0777777777777778,"A",1
"Loc174",0.855555555555556,0.0777777777777778,"A",1
"Loc175",0.877777777777778,0.0777777777777778,"A",1
"Loc176",0.9,0.0777777777777778,"A",1
"Loc177",0.922222222222222,0.0777777777777778,"A",1
"Loc178",0.944444444444445,0.0777777777777778,"A",1
"Loc179",0.966666666666667,0.0777777777777778,"A",1
"Loc180",0.988888888888889,0.0777777777777778,"A",1
"Loc181",0.0111111111111111,0.1,"A",1
"Loc182",0.0333333333333333,0.1,"A",1
"Loc183",0.0555555555555556,0.1,"A",1
"Loc184",0.0777777777777778,0.1,"A",1
"Loc185",0.1,0.1,"A",1
"Loc186",0.122222222222222,0.1,"A",1
"Loc187",0.144444444444444,0.1,"A",1
"Loc188",0.166666666666667,0.1,"A",1
"Loc189",0.188888888888889,0.1,"A",1
"Loc190",0.211111111111111,0.1,"A",1
"Loc191",0.233333333333333,0.1,"A",1
"Loc192",0.255555555555556,0.1,"A",1
"Loc193",0.277777777777778,0.1,"A",1
"Loc194",0.3,0.1,"A",1
"Loc195",0.322222222222222,0.1,"A",1
"Loc196",0.344444444444444,0.1,"A",1
"Loc197",0.366666666666667,0.1,"A",1
"Loc198",0.388888888888889,0.1,"A",1
"Loc199",0.411111111111111,0.1,"A",1
"Loc200",0.433333333333333,0.1,"A",1
"Loc201",0.455555555555556,0.1,"A",1
"Loc202",0.477777777777778,0.1,"A",1
"Loc203",0.5,0.1,"A",1
"Loc204",0.522222222222222,0.1,"A",1
"Loc205",0.544444444444445,0.1,"A",1
"Loc206",0.566666666666667,0.1,"A",1
"Loc207",0.588888888888889,0.1,"A",1
"Loc208",0.611111111111111,0.1,"A",1
"Loc209",0.633333333333333,0.1,"A",1
"Loc210",0.655555555555556,0.1,"A",1
"Loc211",0.677777777777778,0.1,"A",1
"Loc212",0.7,0.1,"A",1
"Loc213",0.722222222222222,0.1,"A",1
"Loc214",0.744444444444444,0.1,"A",1
"Loc215",0.766666666666667,0.1,"A",1
"Loc216",0.788888888888889,0.1,"A",1
"Loc217",0.811111111111111,0.1,"A",1
"Loc218",0.833333333333333,0.1,"A",1
"Loc219",0.855555555555556,0.1,"A",1
"Loc220",0.877777777777778,0.1,"A",1
"Loc221",0.9,0.1,"A",1
"Loc222",0.922222222222222,0.1,"A",1
"Loc223",0.944444444444445,0.1,"A",1
"Loc224",0.966666666666667,0.1,"A",1
"Loc225",0.988888888888889,0.1,"A",1
"Loc226",0.0111111111111111,0.122222222222222,"A",1
"Loc227",0.0333333333333333,0.122222222222222,"A",1
"Loc228",0.0555555555555556,0.122222222222222,"A",1
"Loc229",0.0777777777777778,0.122222222222222,"A",1
"Loc230",0.1,0.122222222222222,"A",1
"Loc231",0.122222222222222,0.122222222222222,"A",1
"Loc232",0.144444444444444,0.122222222222222,"A",1
"Loc233",0.166666666666667,0.122222222222222,"A",1
"Loc234",0.188888888888889,0.122222222222222,"A",1
"Loc235",0.211111111111111,0.122222222222222,"A",1
"Loc236",0.233333333333333,0.122222222222222,"A",1
"Loc237",0.255555555555556,0.122222222222222,"A",1
"Loc238",0.277777777777778,0.122222222222222,"A",1
"Loc239",0.3,0.122222222222222,"A",1
"Loc240",0.322222222222222,0.122222222222222,"A",1
"Loc241",0.344444444444444,0.122222222222222,"A",1
"Loc242",0.366666666666667,0.122222222222222,"A",1
"Loc243",0.388888888888889,0.122222222222222,"A",1
"Loc244",0.411111111111111,0.122222222222222,"A",1
"Loc245",0.433333333333333,0.122222222222222,"A",1
"Loc246",0.455555555555556,0.122222222222222,"A",1
"Loc247",0.477777777777778,0.122222222222222,"A",1
"Loc248",0.5,0.122222222222222,"A",1
"Loc249",0.522222222222222,0.122222222222222,"A",1
"Loc250",0.544444444444445,0.122222222222222,"A",1
"Loc251",0.566666666666667,0.122222222222222,"A",1
"Loc252",0.588888888888889,0.122222222222222,"A",1
"Loc253",0.611111111111111,0.122222222222222,"A",1
"Loc254",0.633333333333333,0.122222222222222,"A",1
"Loc255",0.655555555555556,0.122222222222222,"A",1
"Loc256",0.677777777777778,0.122222222222222,"A",1
"Loc257",0.7,0.122222222222222,"A",1
"Loc258",0.722222222222222,0.122222222222222,"A",1
"Loc259",0.744444444444444,0.122222222222222,"A",1
"Loc260",0.766666666666667,0.122222222222222,"A",1
"Loc261",0.788888888888889,0.122222222222222,"A",1
"Loc262",0.811111111111111,0.122222222222222,"A",1
"Loc263",0.833333333333333,0.122222222222222,"A",1
"Loc264",0.855555555555556,0.122222222222222,"A",1
"Loc265",0.877777777777778,0.122222222222222,"A",1
"Loc266",0.9,0.122222222222222,"A",1
"Loc267",0.922222222222222,0.122222222222222,"A",1
"Loc268",0.944444444444445,0.122222222222222,"A",1
"Loc269",0.966666666666667,0.122222222222222,"A",1
"Loc270",0.988888888888889,0.122222222222222,"A",1
"Loc271",0.0111111111111111,0.144444444444444,"A",1
"Loc272",0.0333333333333333,0.144444444444444,"A",1
"Loc273",0.0555555555555556,0.144444444444444,"A",1
"Loc274",0.0777777777777778,0.144444444444444,"A",1
"Loc275",0.1,0.144444444444444,"A",1
"Loc276",0.122222222222222,0.144444444444444,"A",1
"Loc277",0.144444444444444,0.144444444444444,"A",1
"Loc278",0.166666666666667,0.144444444444444,"A",1
"Loc279",0.188888888888889,0.144444444444444,"A",1
"Loc280",0.211111111111111,0.144444444444444,"A",1
"Loc281",0.233333333333333,0.144444444444444,"A",1
"Loc282",0.255555555555556,0.144444444444444,"A",1
"Loc283",0.277777777777778,0.144444444444444,"A",1
"Loc284",0.3,0.144444444444444,"A",1
"Loc285",0.322222222222222,0.144444444444444,"A",1
"Loc286",0.344444444444444,0.144444444444444,"A",1
"Loc287",0.366666666666667,0.144444444444444,"A",1
"Loc288",0.388888888888889,0.144444444444444,"A",1
"Loc289",0.411111111111111,0.144444444444444,"A",1
"Loc290",0.433333333333333,0.144444444444444,"A",1
"Loc291",0.455555555555556,0.144444444444444,"A",1
"Loc292",0.477777777777778,0.144444444444444,"A",1
"Loc293",0.5,0.144444444444444,"A",1
"Loc294",0.522222222222222,0.144444444444444,"A",1
"Loc295",0.544444444444445,0.144444444444444,"A",1
"Loc296",0.566666666666667,0.144444444444444,"A",1
"Loc297",0.588888888888889,0.144444444444444,"A",1
"Loc298",0.611111111111111,0.144444444444444,"A",1
"Loc299",0.633333333333333,0.144444444444444,"A",1
"Loc300",0.655555555555556,0.144444444444444,"A",1
"Loc301",0.677777777777778,0.144444444444444,"A",1
"Loc302",0.7,0.144444444444444,"A",1
"Loc303",0.722222222222222,0.144444444444444,"A",1
"Loc304",0.744444444444444,0.144444444444444,"A",1
"Loc305",0.766666666666667,0.144444444444444,"A",1
"Loc306",0.788888888888889,0.144444444444444,"A",1
"Loc307",0.811111111111111,0.144444444444444,"A",1
"Loc308",0.833333333333333,0.144444444444444,"A",1
"Loc309",0.855555555555556,0.144444444444444,"A",1
"Loc310",0.877777777777778,0.144444444444444,"A",1
"Loc311",0.9,0.144444444444444,"A",1
"Loc312",0.922222222222222,0.144444444444444,"A",1
"Loc313",0.944444444444445,0.144444444444444,"A",1
"Loc314",0.966666666666667,0.144444444444444,"A",1
"Loc315",0.988888888888889,0.144444444444444,"A",1
"Loc316",0.0111111111111111,0.166666666666667,"A",1
"Loc317",0.0333333333333333,0.166666666666667,"A",1
"Loc318",0.0555555555555556,0.166666666666667,"A",1
"Loc319",0.0777777777777778,0.166666666666667,"A",1
"Loc320",0.1,0.166666666666667,"A",1
"Loc321",0.122222222222222,0.166666666666667,"A",1
"Loc322",0.144444444444444,0.166666666666667,"A",1
"Loc323",0.166666666666667,0.166666666666667,"A",1
"Loc324",0.188888888888889,0.166666666666667,"A",1
"Loc325",0.211111111111111,0.166666666666667,"A",1
"Loc326",0.233333333333333,0.166666666666667,"A",1
"Loc327",0.255555555555556,0.166666666666667,"A",1
"Loc328",0.277777777777778,0.166666666666667,"A",1
"Loc329",0.3,0.166666666666667,"A",1
"Loc330",0.322222222222222,0.166666666666667,"A",1
"Loc331",0.344444444444444,0.166666666666667,"A",1
"Loc332",0.366666666666667,0.166666666666667,"A",1
"Loc333",0.388888888888889,0.166666666666667,"A",1
"Loc334",0.411111111111111,0.166666666666667,"A",1
"Loc335",0.433333333333333,0.166666666666667,"A",1
"Loc336",0.455555555555556,0.166666666666667,"A",1
"Loc337",0.477777777777778,0.166666666666667,"A",1
"Loc338",0.5,0.166666666666667,"A",1
"Loc339",0.522222222222222,0.166666666666667,"A",1
"Loc340",0.544444444444445,0.166666666666667,"A",1
"Loc341",0.566666666666667,0.166666666666667,"A",1
"Loc342",0.588888888888889,0.166666666666667,"A",1
"Loc343",0.611111111111111,0.166666666666667,"A",1
"Loc344",0.633333333333333,0.166666666666667,"A",1
"Loc345",0.655555555555556,0.166666666666667,"A",1
"Loc346",0.677777777777778,0.166666666666667,"A",1
"Loc347",0.7,0.166666666666667,"A",1
"Loc348",0.722222222222222,0.166666666666667,"A",1
"Loc349",0.744444444444444,0.166666666666667,"A",1
"Loc350",0.766666666666667,0.166666666666667,"A",1
"Loc351",0.788888888888889,0.166666666666667,"A",1
"Loc352",0.811111111111111,0.166666666666667,"A",1
"Loc353",0.833333333333333,0.166666666666667,"A",1
"Loc354",0.855555555555556,0.166666666666667,"A",1
"Loc355",0.877777777777778,0.166666666666667,"A",1
"Loc356",0.9,0.166666666666667,"A",1
"Loc357",0.922222222222222,0.166666666666667,"A",1
"Loc358",0.944444444444445,0.166666666666667,"A",1
"Loc359",0.966666666666667,0.166666666666667,"A",1
"Loc360",0.988888888888889,0.166666666666667,"A",1
"Loc361",0.0111111111111111,0.188888888888889,"A",1
"Loc362",0.0333333333333333,0.188888888888889,"A",1
"Loc363",0.0555555555555556,0.188888888888889,"A",1
"Loc364",0.0777777777777778,0.188888888888889,"A",1
"Loc365",0.1,0.188888888888889,"A",1
"Loc366",0.122222222222222,0.188888888888889,"A",1
"Loc367",0.144444444444444,0.188888888888889,"A",1
"Loc368",0.166666666666667,0.188888888888889,"A",1
"Loc369",0.188888888888889,0.188888888888889,"A",1
"Loc370",0.211111111111111,0.188888888888889,"A",1
"Loc371",0.233333333333333,0.188888888888889,"A",1
"Loc372",0.255555555555556,0.188888888888889,"A",1
"Loc373",0.277777777777778,0.188888888888889,"A",1
"Loc374",0.3,0.188888888888889,"A",1
"Loc375",0.322222222222222,0.188888888888889,"A",1
"Loc376",0.344444444444444,0.188888888888889,"A",1
"Loc377",0.366666666666667,0.188888888888889,"A",1
"Loc378",0.388888888888889,0.188888888888889,"A",1
"Loc379",0.411111111111111,0.188888888888889,"A",1
"Loc380",0.433333333333333,0.188888888888889,"A",1
"Loc381",0.455555555555556,0.188888888888889,"A",1
"Loc382",0.477777777777778,0.188888888888889,"A",1
"Loc383",0.5,0.188888888888889,"A",1
"Loc384",0.522222222222222,0.188888888888889,"A",1
"Loc385",0.544444444444445,0.188888888888889,"A",1
"Loc386",0.566666666666667,0.188888888888889,"A",1
"Loc387",0.588888888888889,0.188888888888889,"A",1
"Loc388",0.611111111111111,0.188888888888889,"A",1
"Loc389",0.633333333333333,0.188888888888889,"A",1
"Loc390",0.655555555555556,0.188888888888889,"A",1
"Loc391",0.677777777777778,0.188888888888889,"A",1
"Loc392",0.7,0.188888888888889,"A",1
"Loc393",0.722222222222222,0.188888888888889,"A",1
"Loc394",0.744444444444444,0.188888888888889,"A",1
"Loc395",0.766666666666667,0.188888888888889,"A",1
"Loc396",0.788888888888889,0.188888888888889,"A",1
"Loc397",0.811111111111111,0.188888888888889,"A",1
"Loc398",0.833333333333333,0.188888888888889,"A",1
"Loc399",0.855555555555556,0.188888888888889,"A",1
"Loc400",0.877777777777778,0.188888888888889,"A",1
"Loc401",0.9,0.188888888888889,"A",1
"Loc402",0.922222222222222,0.188888888888889,"A",1
"Loc403",0.944444444444445,0.188888888888889,"A",1
"Loc404",0.966666666666667,0.188888888888889,"A",1
"Loc405",0.988888888888889,0.188888888888889,"A",1
"Loc406",0.0111111111111111,0.211111111111111,"A",1
"Loc407",0.0333333333333333,0.211111111111111,"A",1
"Loc408",0.0555555555555556,0.211111111111111,"A",1
"Loc409",0.0777777777777778,0.211111111111111,"A",1
"Loc410",0.1,0.211111111111111,"A",1
"Loc411",0.122222222222222,0.211111111111111,"A",1
"Loc412",0.144444444444444,0.211111111111111,"A",1
"Loc413",0.166666666666667,0.211111111111111,"A",1
"Loc414",0.188888888888889,0.211111111111111,"A",1
"Loc415",0.211111111111111,0.211111111111111,"A",1
"Loc416",0.233333333333333,0.211111111111111,"A",1
"Loc417",0.255555555555556,0.211111111111111,"A",1
"Loc418",0.277777777777778,0.211111111111111,"A",1
"Loc419",0.3,0.211111111111111,"A",1
"Loc420",0.322222222222222,0.211111111111111,"A",1
"Loc421",0.344444444444444,0.211111111111111,"A",1
"Loc422",0.366666666666667,0.211111111111111,"A",1
"Loc423",0.388888888888889,0.211111111111111,"A",1
"Loc424",0.411111111111111,0.211111111111111,"A",1
"Loc425",0.433333333333333,0.211111111111111,"A",1
"Loc426",0.455555555555556,0.211111111111111,"A",1
"Loc427",0.477777777777778,0.211111111111111,"A",1
"Loc428",0.5,0.211111111111111,"A",1
"Loc429",0.522222222222222,0.211111111111111,"A",1
"Loc430",0.544444444444445,0.211111111111111,"A",1
"Loc431",0.566666666666667,0.211111111111111,"A",1
"Loc432",0.588888888888889,0.211111111111111,"A",1
"Loc433",0.611111111111111,0.211111111111111,"A",1
"Loc434",0.633333333333333,0.211111111111111,"A",1
"Loc435",0.655555555555556,0.211111111111111,"A",1
"Loc436",0.677777777777778,0.211111111111111,"A",1
"Loc437",0.7,0.211111111111111,"A",1
"Loc438",0.722222222222222,0.211111111111111,"A",1
"Loc439",0.744444444444444,0.211111111111111,"A",1
"Loc440",0.766666666666667,0.211111111111111,"A",1
"Loc441",0.788888888888889,0.211111111111111,"A",1
"Loc442",0.811111111111111,0.211111111111111,"A",1
"Loc443",0.833333333333333,0.211111111111111,"A",1
"Loc444",0.855555555555556,0.211111111111111,"A",1
"Loc445",0.877777777777778,0.211111111111111,"A",1
"Loc446",0.9,0.211111111111111,"A",1
"Loc447",0.922222222222222,0.211111111111111,"A",1
"Loc448",0.944444444444445,0.211111111111111,"A",1
"Loc449",0.966666666666667,0.211111111111111,"A",1
"Loc450",0.988888888888889,0.211111111111111,"A",1
"Loc451",0.0111111111111111,0.233333333333333,"A",1
"Loc452",0.0333333333333333,0.233333333333333,"A",1
"Loc453",0.0555555555555556,0.233333333333333,"A",1
"Loc454",0.0777777777777778,0.233333333333333,"A",1
"Loc455",0.1,0.233333333333333,"A",1
"Loc456",0.122222222222222,0.233333333333333,"A",1
"Loc457",0.144444444444444,0.233333333333333,"A",1
"Loc458",0.166666666666667,0.233333333333333,"A",1
"Loc459",0.188888888888889,0.233333333333333,"A",1
"Loc460",0.211111111111111,0.233333333333333,"A",1
"Loc461",0.233333333333333,0.233333333333333,"A",1
"Loc462",0.255555555555556,0.233333333333333,"A",1
"Loc463",0.277777777777778,0.233333333333333,"A",1
"Loc464",0.3,0.233333333333333,"A",1
"Loc465",0.322222222222222,0.233333333333333,"A",1
"Loc466",0.344444444444444,0.233333333333333,"A",1
"Loc467",0.366666666666667,0.233333333333333,"A",1
"Loc468",0.388888888888889,0.233333333333333,"A",1
"Loc469",0.411111111111111,0.233333333333333,"A",1
"Loc470",0.433333333333333,0.233333333333333,"A",1
"Loc471",0.455555555555556,0.233333333333333,"A",1
"Loc472",0.477777777777778,0.233333333333333,"A",1
"Loc473",0.5,0.233333333333333,"A",1
"Loc474",0.522222222222222,0.233333333333333,"A",1
"Loc475",0.544444444444445,0.233333333333333,"A",1
"Loc476",0.566666666666667,0.233333333333333,"A",1
"Loc477",0.588888888888889,0.233333333333333,"A",1
"Loc478",0.611111111111111,0.233333333333333,"A",1
"Loc479",0.633333333333333,0.233333333333333,"A",1
"Loc480",0.655555555555556,0.233333333333333,"A",1
"Loc481",0.677777777777778,0.233333333333333,"A",1
"Loc482",0.7,0.233333333333333,"A",1
"Loc483",0.722222222222222,0.233333333333333,"A",1
"Loc484",0.744444444444444,0.233333333333333,"A",1
"Loc485",0.766666666666667,0.233333333333333,"A",1
"Loc486",0.788888888888889,0.233333333333333,"A",1
"Loc487",0.811111111111111,0.233333333333333,"A",1
"Loc488",0.833333333333333,0.233333333333333,"A",1
"Loc489",0.855555555555556,0.233333333333333,"A",1
"Loc490",0.877777777777778,0.233333333333333,"A",1
"Loc491",0.9,0.233333333333333,"A",1
"Loc492",0.922222222222222,0.233333333333333,"A",1
"Loc493",0.944444444444445,0.233333333333333,"A",1
"Loc494",0.966666666666667,0.233333333333333,"A",1
"Loc495",0.988888888888889,0.233333333333333,"A",1
"Loc496",0.0111111111111111,0.255555555555556,"A",1
"Loc497",0.0333333333333333,0.255555555555556,"A",1
"Loc498",0.0555555555555556,0.255555555555556,"A",1
"Loc499",0.0777777777777778,0.255555555555556,"A",1
"Loc500",0.1,0.255555555555556,"A",1
"Loc501",0.122222222222222,0.255555555555556,"A",1
"Loc502",0.144444444444444,0.255555555555556,"A",1
"Loc503",0.166666666666667,0.255555555555556,"A",1
"Loc504",0.188888888888889,0.255555555555556,"A",1
"Loc505",0.211111111111111,0.255555555555556,"A",1
"Loc506",0.233333333333333,0.255555555555556,"A",1
"Loc507",0.255555555555556,0.255555555555556,"A",1
"Loc508",0.277777777777778,0.255555555555556,"A",1
"Loc509",0.3,0.255555555555556,"A",1
"Loc510",0.322222222222222,0.255555555555556,"A",1
"Loc511",0.344444444444444,0.255555555555556,"A",1
"Loc512",0.366666666666667,0.255555555555556,"A",1
"Loc513",0.388888888888889,0.255555555555556,"A",1
"Loc514",0.411111111111111,0.255555555555556,"A",1
"Loc515",0.433333333333333,0.255555555555556,"A",1
"Loc516",0.455555555555556,0.255555555555556,"A",1
"Loc517",0.477777777777778,0.255555555555556,"A",1
"Loc518",0.5,0.255555555555556,"A",1
"Loc519",0.522222222222222,0.255555555555556,"A",1
"Loc520",0.544444444444445,0.255555555555556,"A",1
"Loc521",0.566666666666667,0.255555555555556,"A",1
"Loc522",0.588888888888889,0.255555555555556,"A",1
"Loc523",0.611111111111111,0.255555555555556,"A",1
"Loc524",0.633333333333333,0.255555555555556,"A",1
"Loc525",0.655555555555556,0.255555555555556,"A",1
"Loc526",0.677777777777778,0.255555555555556,"A",1
"Loc527",0.7,0.255555555555556,"A",1
"Loc528",0.722222222222222,0.255555555555556,"A",1
"Loc529",0.744444444444444,0.255555555555556,"A",1
"Loc530",0.766666666666667,0.255555555555556,"A",1
"Loc531",0.788888888888889,0.255555555555556,"A",1
"Loc532",0.811111111111111,0.255555555555556,"A",1
"Loc533",0.833333333333333,0.255555555555556,"A",1
"Loc534",0.855555555555556,0.255555555555556,"A",1
"Loc535",0.877777777777778,0.255555555555556,"A",1
"Loc536",0.9,0.255555555555556,"A",1
"Loc537",0.922222222222222,0.255555555555556,"A",1
"Loc538",0.944444444444445,0.255555555555556,"A",1
"Loc539",0.966666666666667,0.255555555555556,"A",1
"Loc540",0.988888888888889,0.255555555555556,"A",1
"Loc541",0.0111111111111111,0.277777777777778,"A",1
"Loc542",0.0333333333333333,0.277777777777778,"A",1
"Loc543",0.0555555555555556,0.277777777777778,"A",1
"Loc544",0.0777777777777778,0.277777777777778,"A",1
"Loc545",0.1,0.277777777777778,"A",1
"Loc546",0.122222222222222,0.277777777777778,"A",1
"Loc547",0.144444444444444,0.277777777777778,"A",1
"Loc548",0.166666666666667,0.277777777777778,"A",1
"Loc549",0.188888888888889,0.277777777777778,"A",1
"Loc550",0.211111111111111,0.277777777777778,"A",1
"Loc551",0.233333333333333,0.277777777777778,"A",1
"Loc552",0.255555555555556,0.277777777777778,"A",1
"Loc553",0.277777777777778,0.277777777777778,"A",1
"Loc554",0.3,0.277777777777778,"A",1
"Loc555",0.322222222222222,0.277777777777778,"A",1
"Loc556",0.344444444444444,0.277777777777778,"A",1
"Loc557",0.366666666666667,0.277777777777778,"A",1
"Loc558",0.388888888888889,0.277777777777778,"A",1
"Loc559",0.411111111111111,0.277777777777778,"A",1
"Loc560",0.433333333333333,0.277777777777778,"A",1
"Loc561",0.455555555555556,0.277777777777778,"A",1
"Loc562",0.477777777777778,0.277777777777778,"A",1
"Loc563",0.5,0.277777777777778,"A",1
"Loc564",0.522222222222222,0.277777777777778,"A",1
"Loc565",0.544444444444445,0.277777777777778,"A",1
"Loc566",0.566666666666667,0.277777777777778,"A",1
"Loc567",0.588888888888889,0.277777777777778,"A",1
"Loc568",0.611111111111111,0.277777777777778,"A",1
"Loc569",0.633333333333333,0.277777777777778,"A",1
"Loc570",0.655555555555556,0.277777777777778,"A",1
"Loc571",0.677777777777778,0.277777777777778,"A",1
"Loc572",0.7,0.277777777777778,"A",1
"Loc573",0.722222222222222,0.277777777777778,"A",1
"Loc574",0.744444444444444,0.277777777777778,"A",1
"Loc575",0.766666666666667,0.277777777777778,"A",1
"Loc576",0.788888888888889,0.277777777777778,"A",1
"Loc577",0.811111111111111,0.277777777777778,"A",1
"Loc578",0.833333333333333,0.277777777777778,"A",1
"Loc579",0.855555555555556,0.277777777777778,"A",1
"Loc580",0.877777777777778,0.277777777777778,"A",1
"Loc581",0.9,0.277777777777778,"A",1
"Loc582",0.922222222222222,0.277777777777778,"A",1
"Loc583",0.944444444444445,0.277777777777778,"A",1
"Loc584",0.966666666666667,0.277777777777778,"A",1
"Loc585",0.988888888888889,0.277777777777778,"A",1
"Loc586",0.0111111111111111,0.3,"A",1
"Loc587",0.0333333333333333,0.3,"A",1
"Loc588",0.0555555555555556,0.3,"A",1
"Loc589",0.0777777777777778,0.3,"A",1
"Loc590",0.1,0.3,"A",1
"Loc591",0.122222222222222,0.3,"A",1
"Loc592",0.144444444444444,0.3,"A",1
"Loc593",0.166666666666667,0.3,"A",1
"Loc594",0.188888888888889,0.3,"A",1
"Loc595",0.211111111111111,0.3,"A",1
"Loc596",0.233333333333333,0.3,"A",1
"Loc597",0.255555555555556,0.3,"A",1
"Loc598",0.277777777777778,0.3,"A",1
"Loc599",0.3,0.3,"A",1
"Loc600",0.322222222222222,0.3,"A",1
"Loc601",0.344444444444444,0.3,"A",1
"Loc602",0.366666666666667,0.3,"A",1
"Loc603",0.388888888888889,0.3,"A",1
"Loc604",0.411111111111111,0.3,"A",1
"Loc605",0.433333333333333,0.3,"A",1
"Loc606",0.455555555555556,0.3,"A",1
"Loc607",0.477777777777778,0.3,"A",1
"Loc608",0.5,0.3,"A",1
"Loc609",0.522222222222222,0.3,"A",1
"Loc610",0.544444444444445,0.3,"A",1
"Loc611",0.566666666666667,0.3,"A",1
"Loc612",0.588888888888889,0.3,"A",1
"Loc613",0.611111111111111,0.3,"A",1
"Loc614",0.633333333333333,0.3,"A",1
"Loc615",0.655555555555556,0.3,"A",1
"Loc616",0.677777777777778,0.3,"A",1
"Loc617",0.7,0.3,"A",1
"Loc618",0.722222222222222,0.3,"A",1
"Loc619",0.744444444444444,0.3,"A",1
"Loc620",0.766666666666667,0.3,"A",1
"Loc621",0.788888888888889,0.3,"A",1
"Loc622",0.811111111111111,0.3,"A",1
"Loc623",0.833333333333333,0.3,"A",1
"Loc624",0.855555555555556,0.3,"A",1
"Loc625",0.877777777777778,0.3,"A",1
"Loc626",0.9,0.3,"A",1
"Loc627",0.922222222222222,0.3,"A",1
"Loc628",0.944444444444445,0.3,"A",1
"Loc629",0.966666666666667,0.3,"A",1
"Loc630",0.988888888888889,0.3,"A",1
"Loc631",0.0111111111111111,0.322222222222222,"A",1
"Loc632",0.0333333333333333,0.322222222222222,"A",1
"Loc633",0.0555555555555556,0.322222222222222,"A",1
"Loc634",0.0777777777777778,0.322222222222222,"A",1
"Loc635",0.1,0.322222222222222,"A",1
"Loc636",0.122222222222222,0.322222222222222,"A",1
"Loc637",0.144444444444444,0.322222222222222,"A",1
"Loc638",0.166666666666667,0.322222222222222,"A",1
"Loc639",0.188888888888889,0.322222222222222,"A",1
"Loc640",0.211111111111111,0.322222222222222,"A",1
"Loc641",0.233333333333333,0.322222222222222,"A",1
"Loc642",0.255555555555556,0.322222222222222,"A",1
"Loc643",0.277777777777778,0.322222222222222,"A",1
"Loc644",0.3,0.322222222222222,"A",1
"Loc645",0.322222222222222,0.322222222222222,"A",1
"Loc646",0.344444444444444,0.322222222222222,"A",1
"Loc647",0.366666666666667,0.322222222222222,"A",1
"Loc648",0.388888888888889,0.322222222222222,"A",1
"Loc649",0.411111111111111,0.322222222222222,"A",1
"Loc650",0.433333333333333,0.322222222222222,"A",1
"Loc651",0.455555555555556,0.322222222222222,"A",1
"Loc652",0.477777777777778,0.322222222222222,"A",1
"Loc653",0.5,0.322222222222222,"A",1
"Loc654",0.522222222222222,0.322222222222222,"A",1
"Loc655",0.544444444444445,0.322222222222222,"A",1
"Loc656",0.566666666666667,0.322222222222222,"A",1
"Loc657",0.588888888888889,0.322222222222222,"A",1
"Loc658",0.611111111111111,0.322222222222222,"A",1
"Loc659",0.633333333333333,0.322222222222222,"A",1
"Loc660",0.655555555555556,0.322222222222222,"A",1
"Loc661",0.677777777777778,0.322222222222222,"A",1
"Loc662",0.7,0.322222222222222,"A",1
"Loc663",0.722222222222222,0.322222222222222,"A",1
"Loc664",0.744444444444444,0.322222222222222,"A",1
"Loc665",0.766666666666667,0.322222222222222,"A",1
"Loc666",0.788888888888889,0.322222222222222,"A",1
"Loc667",0.811111111111111,0.322222222222222,"A",1
"Loc668",0.833333333333333,0.322222222222222,"A",1
"Loc669",0.855555555555556,0.322222222222222,"A",1
"Loc670",0.877777777777778,0.322222222222222,"A",1
"Loc671",0.9,0.322222222222222,"A",1
"Loc672",0.922222222222222,0.322222222222222,"A",1
"Loc673",0.944444444444445,0.322222222222222,"A",1
"Loc674",0.966666666666667,0.322222222222222,"A",1
"Loc675",0.988888888888889,0.322222222222222,"A",1
"Loc676",0.0111111111111111,0.344444444444444,"A",1
"Loc677",0.0333333333333333,0.344444444444444,"A",1
"Loc678",0.0555555555555556,0.344444444444444,"A",1
"Loc679",0.0777777777777778,0.344444444444444,"A",1
"Loc680",0.1,0.344444444444444,"A",1
"Loc681",0.122222222222222,0.344444444444444,"A",1
"Loc682",0.144444444444444,0.344444444444444,"A",1
"Loc683",0.166666666666667,0.344444444444444,"A",1
"Loc684",0.188888888888889,0.344444444444444,"A",1
"Loc685",0.211111111111111,0.344444444444444,"A",1
"Loc686",0.233333333333333,0.344444444444444,"A",1
"Loc687",0.255555555555556,0.344444444444444,"A",1
"Loc688",0.277777777777778,0.344444444444444,"A",1
"Loc689",0.3,0.344444444444444,"A",1
"Loc690",0.322222222222222,0.344444444444444,"A",1
"Loc691",0.344444444444444,0.344444444444444,"A",1
"Loc692",0.366666666666667,0.344444444444444,"A",1
"Loc693",0.388888888888889,0.344444444444444,"A",1
"Loc694",0.411111111111111,0.344444444444444,"A",1
"Loc695",0.433333333333333,0.344444444444444,"A",1
"Loc696",0.455555555555556,0.344444444444444,"A",1
"Loc697",0.477777777777778,0.344444444444444,"A",1
"Loc698",0.5,0.344444444444444,"A",1
"Loc699",0.522222222222222,0.344444444444444,"A",1
"Loc700",0.544444444444445,0.344444444444444,"A",1
"Loc701",0.566666666666667,0.344444444444444,"A",1
"Loc702",0.588888888888889,0.344444444444444,"A",1
"Loc703",0.611111111111111,0.344444444444444,"A",1
"Loc704",0.633333333333333,0.344444444444444,"A",1
"Loc705",0.655555555555556,0.344444444444444,"A",1
"Loc706",0.677777777777778,0.344444444444444,"A",1
"Loc707",0.7,0.344444444444444,"A",1
"Loc708",0.722222222222222,0.344444444444444,"A",1
"Loc709",0.744444444444444,0.344444444444444,"A",1
"Loc710",0.766666666666667,0.344444444444444,"A",1
"Loc711",0.788888888888889,0.344444444444444,"A",1
"Loc712",0.811111111111111,0.344444444444444,"A",1
"Loc713",0.833333333333333,0.344444444444444,"A",1
"Loc714",0.855555555555556,0.344444444444444,"A",1
"Loc715",0.877777777777778,0.344444444444444,"A",1
"Loc716",0.9,0.344444444444444,"A",1
"Loc717",0.922222222222222,0.344444444444444,"A",1
"Loc718",0.944444444444445,0.344444444444444,"A",1
"Loc719",0.966666666666667,0.344444444444444,"A",1
"Loc720",0.988888888888889,0.344444444444444,"A",1
"Loc721",0.0111111111111111,0.366666666666667,"A",1
"Loc722",0.0333333333333333,0.366666666666667,"A",1
"Loc723",0.0555555555555556,0.366666666666667,"A",1
"Loc724",0.0777777777777778,0.366666666666667,"A",1
"Loc725",0.1,0.366666666666667,"A",1
"Loc726",0.122222222222222,0.366666666666667,"A",1
"Loc727",0.144444444444444,0.366666666666667,"A",1
"Loc728",0.166666666666667,0.366666666666667,"A",1
"Loc729",0.188888888888889,0.366666666666667,"A",1
"Loc730",0.211111111111111,0.366666666666667,"A",1
"Loc731",0.233333333333333,0.366666666666667,"A",1
"Loc732",0.255555555555556,0.366666666666667,"A",1
"Loc733",0.277777777777778,0.366666666666667,"A",1
"Loc734",0.3,0.366666666666667,"A",1
"Loc735",0.322222222222222,0.366666666666667,"A",1
"Loc736",0.344444444444444,0.366666666666667,"A",1
"Loc737",0.366666666666667,0.366666666666667,"A",1
"Loc738",0.388888888888889,0.366666666666667,"A",1
"Loc739",0.411111111111111,0.366666666666667,"A",1
"Loc740",0.433333333333333,0.366666666666667,"A",1
"Loc741",0.455555555555556,0.366666666666667,"A",1
"Loc742",0.477777777777778,0.366666666666667,"A",1
"Loc743",0.5,0.366666666666667,"A",1
"Loc744",0.522222222222222,0.366666666666667,"A",1
"Loc745",0.544444444444445,0.366666666666667,"A",1
"Loc746",0.566666666666667,0.366666666666667,"A",1
"Loc747",0.588888888888889,0.366666666666667,"A",1
"Loc748",0.611111111111111,0.366666666666667,"A",1
"Loc749",0.633333333333333,0.366666666666667,"A",1
"Loc750",0.655555555555556,0.366666666666667,"A",1
"Loc751",0.677777777777778,0.366666666666667,"A",1
"Loc752",0.7,0.366666666666667,"A",1
"Loc753",0.722222222222222,0.366666666666667,"A",1
"Loc754",0.744444444444444,0.366666666666667,"A",1
"Loc755",0.766666666666667,0.366666666666667,"A",1
"Loc756",0.788888888888889,0.366666666666667,"A",1
"Loc757",0.811111111111111,0.366666666666667,"A",1
"Loc758",0.833333333333333,0.366666666666667,"A",1
"Loc759",0.855555555555556,0.366666666666667,"A",1
"Loc760",0.877777777777778,0.366666666666667,"A",1
"Loc761",0.9,0.366666666666667,"A",1
"Loc762",0.922222222222222,0.366666666666667,"A",1
"Loc763",0.944444444444445,0.366666666666667,"A",1
"Loc764",0.966666666666667,0.366666666666667,"A",1
"Loc765",0.988888888888889,0.366666666666667,"A",1
"Loc766",0.0111111111111111,0.388888888888889,"A",1
"Loc767",0.0333333333333333,0.388888888888889,"A",1
"Loc768",0.0555555555555556,0.388888888888889,"A",1
"Loc769",0.0777777777777778,0.388888888888889,"A",1
"Loc770",0.1,0.388888888888889,"A",1
"Loc771",0.122222222222222,0.388888888888889,"A",1
"Loc772",0.144444444444444,0.388888888888889,"A",1
"Loc773",0.166666666666667,0.388888888888889,"A",1
"Loc774",0.188888888888889,0.388888888888889,"A",1
"Loc775",0.211111111111111,0.388888888888889,"A",1
"Loc776",0.233333333333333,0.388888888888889,"A",1
"Loc777",0.255555555555556,0.388888888888889,"A",1
"Loc778",0.277777777777778,0.388888888888889,"A",1
"Loc779",0.3,0.388888888888889,"A",1
"Loc780",0.322222222222222,0.388888888888889,"A",1
"Loc781",0.344444444444444,0.388888888888889,"A",1
"Loc782",0.366666666666667,0.388888888888889,"A",1
"Loc783",0.388888888888889,0.388888888888889,"A",1
"Loc784",0.411111111111111,0.388888888888889,"A",1
"Loc785",0.433333333333333,0.388888888888889,"A",1
"Loc786",0.455555555555556,0.388888888888889,"A",1
"Loc787",0.477777777777778,0.388888888888889,"A",1
"Loc788",0.5,0.388888888888889,"A",1
"Loc789",0.522222222222222,0.388888888888889,"A",1
"Loc790",0.544444444444445,0.388888888888889,"A",1
"Loc791",0.566666666666667,0.388888888888889,"A",1
"Loc792",0.588888888888889,0.388888888888889,"A",1
"Loc793",0.611111111111111,0.388888888888889,"A",1
"Loc794",0.633333333333333,0.388888888888889,"A",1
"Loc795",0.655555555555556,0.388888888888889,"A",1
"Loc796",0.677777777777778,0.388888888888889,"A",1
"Loc797",0.7,0.388888888888889,"A",1
"Loc798",0.722222222222222,0.388888888888889,"A",1
"Loc799",0.744444444444444,0.388888888888889,"A",1
"Loc800",0.766666666666667,0.388888888888889,"A",1
"Loc801",0.788888888888889,0.388888888888889,"A",1
"Loc802",0.811111111111111,0.388888888888889,"A",1
"Loc803",0.833333333333333,0.388888888888889,"A",1
"Loc804",0.855555555555556,0.388888888888889,"A",1
"Loc805",0.877777777777778,0.388888888888889,"A",1
"Loc806",0.9,0.388888888888889,"A",1
"Loc807",0.922222222222222,0.388888888888889,"A",1
"Loc808",0.944444444444445,0.388888888888889,"A",1
"Loc809",0.966666666666667,0.388888888888889,"A",1
"Loc810",0.988888888888889,0.388888888888889,"A",1
"Loc811",0.0111111111111111,0.411111111111111,"A",1
"Loc812",0.0333333333333333,0.411111111111111,"A",1
"Loc813",0.0555555555555556,0.411111111111111,"A",1
"Loc814",0.0777777777777778,0.411111111111111,"A",1
"Loc815",0.1,0.411111111111111,"A",1
"Loc816",0.122222222222222,0.411111111111111,"A",1
"Loc817",0.144444444444444,0.411111111111111,"A",1
"Loc818",0.166666666666667,0.411111111111111,"A",1
"Loc819",0.188888888888889,0.411111111111111,"A",1
"Loc820",0.211111111111111,0.411111111111111,"A",1
"Loc821",0.233333333333333,0.411111111111111,"A",1
"Loc822",0.255555555555556,0.411111111111111,"A",1
"Loc823",0.277777777777778,0.411111111111111,"A",1
"Loc824",0.3,0.411111111111111,"A",1
"Loc825",0.322222222222222,0.411111111111111,"A",1
"Loc826",0.344444444444444,0.411111111111111,"A",1
"Loc827",0.366666666666667,0.411111111111111,"A",1
"Loc828",0.388888888888889,0.411111111111111,"A",1
"Loc829",0.411111111111111,0.411111111111111,"A",1
"Loc830",0.433333333333333,0.411111111111111,"A",1
"Loc831",0.455555555555556,0.411111111111111,"A",1
"Loc832",0.477777777777778,0.411111111111111,"A",1
"Loc833",0.5,0.411111111111111,"A",1
"Loc834",0.522222222222222,0.411111111111111,"A",1
"Loc835",0.544444444444445,0.411111111111111,"A",1
"Loc836",0.566666666666667,0.411111111111111,"A",1
"Loc837",0.588888888888889,0.411111111111111,"A",1
"Loc838",0.611111111111111,0.411111111111111,"A",1
"Loc839",0.633333333333333,0.411111111111111,"A",1
"Loc840",0.655555555555556,0.411111111111111,"A",1
"Loc841",0.677777777777778,0.411111111111111,"A",1
"Loc842",0.7,0.411111111111111,"A",1
"Loc843",0.722222222222222,0.411111111111111,"A",1
"Loc844",0.744444444444444,0.411111111111111,"A",1
"Loc845",0.766666666666667,0.411111111111111,"A",1
"Loc846",0.788888888888889,0.411111111111111,"A",1
"Loc847",0.811111111111111,0.411111111111111,"A",1
"Loc848",0.833333333333333,0.411111111111111,"A",1
"Loc849",0.855555555555556,0.411111111111111,"A",1
"Loc850",0.877777777777778,0.411111111111111,"A",1
"Loc851",0.9,0.411111111111111,"A",1
"Loc852",0.922222222222222,0.411111111111111,"A",1
"Loc853",0.944444444444445,0.411111111111111,"A",1
"Loc854",0.966666666666667,0.411111111111111,"A",1
"Loc855",0.988888888888889,0.411111111111111,"A",1
"Loc856",0.0111111111111111,0.433333333333333,"A",1
"Loc857",0.0333333333333333,0.433333333333333,"A",1
"Loc858",0.0555555555555556,0.433333333333333,"A",1
"Loc859",0.0777777777777778,0.433333333333333,"A",1
"Loc860",0.1,0.433333333333333,"A",1
"Loc861",0.122222222222222,0.433333333333333,"A",1
"Loc862",0.144444444444444,0.433333333333333,"A",1
"Loc863",0.166666666666667,0.433333333333333,"A",1
"Loc864",0.188888888888889,0.433333333333333,"A",1
"Loc865",0.211111111111111,0.433333333333333,"A",1
"Loc866",0.233333333333333,0.433333333333333,"A",1
"Loc867",0.255555555555556,0.433333333333333,"A",1
"Loc868",0.277777777777778,0.433333333333333,"A",1
"Loc869",0.3,0.433333333333333,"A",1
"Loc870",0.322222222222222,0.433333333333333,"A",1
"Loc871",0.344444444444444,0.433333333333333,"A",1
"Loc872",0.366666666666667,0.433333333333333,"A",1
"Loc873",0.388888888888889,0.433333333333333,"A",1
"Loc874",0.411111111111111,0.433333333333333,"A",1
"Loc875",0.433333333333333,0.433333333333333,"A",1
"Loc876",0.455555555555556,0.433333333333333,"A",1
"Loc877",0.477777777777778,0.433333333333333,"A",1
"Loc878",0.5,0.433333333333333,"A",1
"Loc879",0.522222222222222,0.433333333333333,"A",1
"Loc880",0.544444444444445,0.433333333333333,"A",1
"Loc881",0.566666666666667,0.433333333333333,"A",1
"Loc882",0.588888888888889,0.433333333333333,"A",1
"Loc883",0.611111111111111,0.433333333333333,"A",1
"Loc884",0.633333333333333,0.433333333333333,"A",1
"Loc885",0.655555555555556,0.433333333333333,"A",1
"Loc886",0.677777777777778,0.433333333333333,"A",1
"Loc887",0.7,0.433333333333333,"A",1
"Loc888",0.722222222222222,0.433333333333333,"A",1
"Loc889",0.744444444444444,0.433333333333333,"A",1
"Loc890",0.766666666666667,0.433333333333333,"A",1
"Loc891",0.788888888888889,0.433333333333333,"A",1
"Loc892",0.811111111111111,0.433333333333333,"A",1
"Loc893",0.833333333333333,0.433333333333333,"A",1
"Loc894",0.855555555555556,0.433333333333333,"A",1
"Loc895",0.877777777777778,0.433333333333333,"A",1
"Loc896",0.9,0.433333333333333,"A",1
"Loc897",0.922222222222222,0.433333333333333,"A",1
"Loc898",0.944444444444445,0.433333333333333,"A",1
"Loc899",0.966666666666667,0.433333333333333,"A",1
"Loc900",0.988888888888889,0.433333333333333,"A",1
"Loc901",0.0111111111111111,0.455555555555556,"A",1
"Loc902",0.0333333333333333,0.455555555555556,"A",1
"Loc903",0.0555555555555556,0.455555555555556,"A",1
"Loc904",0.0777777777777778,0.455555555555556,"A",1
"Loc905",0.1,0.455555555555556,"A",1
"Loc906",0.122222222222222,0.455555555555556,"A",1
"Loc907",0.144444444444444,0.455555555555556,"A",1
"Loc908",0.166666666666667,0.455555555555556,"A",1
"Loc909",0.188888888888889,0.455555555555556,"A",1
"Loc910",0.211111111111111,0.455555555555556,"A",1
"Loc911",0.233333333333333,0.455555555555556,"A",1
"Loc912",0.255555555555556,0.455555555555556,"A",1
"Loc913",0.277777777777778,0.455555555555556,"A",1
"Loc914",0.3,0.455555555555556,"A",1
"Loc915",0.322222222222222,0.455555555555556,"A",1
"Loc916",0.344444444444444,0.455555555555556,"A",1
"Loc917",0.366666666666667,0.455555555555556,"A",1
"Loc918",0.388888888888889,0.455555555555556,"A",1
"Loc919",0.411111111111111,0.455555555555556,"A",1
"Loc920",0.433333333333333,0.455555555555556,"A",1
"Loc921",0.455555555555556,0.455555555555556,"A",1
"Loc922",0.477777777777778,0.455555555555556,"A",1
"Loc923",0.5,0.455555555555556,"A",1
"Loc924",0.522222222222222,0.455555555555556,"A",1
"Loc925",0.544444444444445,0.455555555555556,"A",1
"Loc926",0.566666666666667,0.455555555555556,"A",1
"Loc927",0.588888888888889,0.455555555555556,"A",1
"Loc928",0.611111111111111,0.455555555555556,"A",1
"Loc929",0.633333333333333,0.455555555555556,"A",1
"Loc930",0.655555555555556,0.455555555555556,"A",1
"Loc931",0.677777777777778,0.455555555555556,"A",1
"Loc932",0.7,0.455555555555556,"A",1
"Loc933",0.722222222222222,0.455555555555556,"A",1
"Loc934",0.744444444444444,0.455555555555556,"A",1
"Loc935",0.766666666666667,0.455555555555556,"A",1
"Loc936",0.788888888888889,0.455555555555556,"A",1
"Loc937",0.811111111111111,0.455555555555556,"A",1
"Loc938",0.833333333333333,0.455555555555556,"A",1
"Loc939",0.855555555555556,0.455555555555556,"A",1
"Loc940",0.877777777777778,0.455555555555556,"A",1
"Loc941",0.9,0.455555555555556,"A",1
"Loc942",0.922222222222222,0.455555555555556,"A",1
"Loc943",0.944444444444445,0.455555555555556,"A",1
"Loc944",0.966666666666667,0.455555555555556,"A",1
"Loc945",0.988888888888889,0.455555555555556,"A",1
"Loc946",0.0111111111111111,0.477777777777778,"A",1
"Loc947",0.0333333333333333,0.477777777777778,"A",1
"Loc948",0.0555555555555556,0.477777777777778,"A",1
"Loc949",0.0777777777777778,0.477777777777778,"A",1
"Loc950",0.1,0.477777777777778,"A",1
"Loc951",0.122222222222222,0.477777777777778,"A",1
"Loc952",0.144444444444444,0.477777777777778,"A",1
"Loc953",0.166666666666667,0.477777777777778,"A",1
"Loc954",0.188888888888889,0.477777777777778,"A",1
"Loc955",0.211111111111111,0.477777777777778,"A",1
"Loc956",0.233333333333333,0.477777777777778,"A",1
"Loc957",0.255555555555556,0.477777777777778,"A",1
"Loc958",0.277777777777778,0.477777777777778,"A",1
"Loc959",0.3,0.477777777777778,"A",1
"Loc960",0.322222222222222,0.477777777777778,"A",1
"Loc961",0.344444444444444,0.477777777777778,"A",1
"Loc962",0.366666666666667,0.477777777777778,"A",1
"Loc963",0.388888888888889,0.477777777777778,"A",1
"Loc964",0.411111111111111,0.477777777777778,"A",1
"Loc965",0.433333333333333,0.477777777777778,"A",1
"Loc966",0.455555555555556,0.477777777777778,"A",1
"Loc967",0.477777777777778,0.477777777777778,"A",1
"Loc968",0.5,0.477777777777778,"A",1
"Loc969",0.522222222222222,0.477777777777778,"A",1
"Loc970",0.544444444444445,0.477777777777778,"A",1
"Loc971",0.566666666666667,0.477777777777778,"A",1
"Loc972",0.588888888888889,0.477777777777778,"A",1
"Loc973",0.611111111111111,0.477777777777778,"A",1
"Loc974",0.633333333333333,0.477777777777778,"A",1
"Loc975",0.655555555555556,0.477777777777778,"A",1
"Loc976",0.677777777777778,0.477777777777778,"A",1
"Loc977",0.7,0.477777777777778,"A",1
"Loc978",0.722222222222222,0.477777777777778,"A",1
"Loc979",0.744444444444444,0.477777777777778,"A",1
"Loc980",0.766666666666667,0.477777777777778,"A",1
"Loc981",0.788888888888889,0.477777777777778,"A",1
"Loc982",0.811111111111111,0.477777777777778,"A",1
"Loc983",0.833333333333333,0.477777777777778,"A",1
"Loc984",0.855555555555556,0.477777777777778,"A",1
"Loc985",0.877777777777778,0.477777777777778,"A",1
"Loc986",0.9,0.477777777777778,"A",1
"Loc987",0.922222222222222,0.477777777777778,"A",1
"Loc988",0.944444444444445,0.477777777777778,"A",1
"Loc989",0.966666666666667,0.477777777777778,"A",1
"Loc990",0.988888888888889,0.477777777777778,"A",1
"Loc991",0.0111111111111111,0.5,"A",1
"Loc992",0.0333333333333333,0.5,"A",1
"Loc993",0.0555555555555556,0.5,"A",1
"Loc994",0.0777777777777778,0.5,"A",1
"Loc995",0.1,0.5,"A",1
"Loc996",0.122222222222222,0.5,"A",1
"Loc997",0.144444444444444,0.5,"A",1
"Loc998",0.166666666666667,0.5,"A",1
"Loc999",0.188888888888889,0.5,"A",1
"Loc1000",0.211111111111111,0.5,"A",1
"Loc1001",0.233333333333333,0.5,"A",1
"Loc1002",0.255555555555556,0.5,"A",1
"Loc1003",0.277777777777778,0.5,"A",1
"Loc1004",0.3,0.5,"A",1
"Loc1005",0.322222222222222,0.5,"A",1
"Loc1006",0.344444444444444,0.5,"A",1
"Loc1007",0.366666666666667,0.5,"A",1
"Loc1008",0.388888888888889,0.5,"A",1
"Loc1009",0.411111111111111,0.5,"A",1
"Loc1010",0.433333333333333,0.5,"A",1
"Loc1011",0.455555555555556,0.5,"A",1
"Loc1012",0.477777777777778,0.5,"A",1
"Loc1013",0.5,0.5,"A",1
"Loc1014",0.522222222222222,0.5,"A",1
"Loc1015",0.544444444444445,0.5,"A",1
"Loc1016",0.566666666666667,0.5,"A",1
"Loc1017",0.588888888888889,0.5,"A",1
"Loc1018",0.611111111111111,0.5,"A",1
"Loc1019",0.633333333333333,0.5,"A",1
"Loc1020",0.655555555555556,0.5,"A",1
"Loc1021",0.677777777777778,0.5,"A",1
"Loc1022",0.7,0.5,"A",1
"Loc1023",0.722222222222222,0.5,"A",1
"Loc1024",0.744444444444444,0.5,"A",1
"Loc1025",0.766666666666667,0.5,"A",1
"Loc1026",0.788888888888889,0.5,"A",1
"Loc1027",0.811111111111111,0.5,"A",1
"Loc1028",0.833333333333333,0.5,"A",1
"Loc1029",0.855555555555556,0.5,"A",1
"Loc1030",0.877777777777778,0.5,"A",1
"Loc1031",0.9,0.5,"A",1
"Loc1032",0.922222222222222,0.5,"A",1
"Loc1033",0.944444444444445,0.5,"A",1
"Loc1034",0.966666666666667,0.5,"A",1
"Loc1035",0.988888888888889,0.5,"A",1
"Loc1036",0.0111111111111111,0.522222222222222,"A",1
"Loc1037",0.0333333333333333,0.522222222222222,"A",1
"Loc1038",0.0555555555555556,0.522222222222222,"A",1
"Loc1039",0.0777777777777778,0.522222222222222,"A",1
"Loc1040",0.1,0.522222222222222,"A",1
"Loc1041",0.122222222222222,0.522222222222222,"A",1
"Loc1042",0.144444444444444,0.522222222222222,"A",1
"Loc1043",0.166666666666667,0.522222222222222,"A",1
"Loc1044",0.188888888888889,0.522222222222222,"A",1
"Loc1045",0.211111111111111,0.522222222222222,"A",1
"Loc1046",0.233333333333333,0.522222222222222,"A",1
"Loc1047",0.255555555555556,0.522222222222222,"A",1
"Loc1048",0.277777777777778,0.522222222222222,"A",1
"Loc1049",0.3,0.522222222222222,"A",1
"Loc1050",0.322222222222222,0.522222222222222,"A",1
"Loc1051",0.344444444444444,0.522222222222222,"A",1
"Loc1052",0.366666666666667,0.522222222222222,"A",1
"Loc1053",0.388888888888889,0.522222222222222,"A",1
"Loc1054",0.411111111111111,0.522222222222222,"A",1
"Loc1055",0.433333333333333,0.522222222222222,"A",1
"Loc1056",0.455555555555556,0.522222222222222,"A",1
"Loc1057",0.477777777777778,0.522222222222222,"A",1
"Loc1058",0.5,0.522222222222222,"A",1
"Loc1059",0.522222222222222,0.522222222222222,"A",1
"Loc1060",0.544444444444445,0.522222222222222,"A",1
"Loc1061",0.566666666666667,0.522222222222222,"A",1
"Loc1062",0.588888888888889,0.522222222222222,"A",1
"Loc1063",0.611111111111111,0.522222222222222,"A",1
"Loc1064",0.633333333333333,0.522222222222222,"A",1
"Loc1065",0.655555555555556,0.522222222222222,"A",1
"Loc1066",0.677777777777778,0.522222222222222,"A",1
"Loc1067",0.7,0.522222222222222,"A",1
"Loc1068",0.722222222222222,0.522222222222222,"A",1
"Loc1069",0.744444444444444,0.522222222222222,"A",1
"Loc1070",0.766666666666667,0.522222222222222,"A",1
"Loc1071",0.788888888888889,0.522222222222222,"A",1
"Loc1072",0.811111111111111,0.522222222222222,"A",1
"Loc1073",0.833333333333333,0.522222222222222,"A",1
"Loc1074",0.855555555555556,0.522222222222222,"A",1
"Loc1075",0.877777777777778,0.522222222222222,"A",1
"Loc1076",0.9,0.522222222222222,"A",1
"Loc1077",0.922222222222222,0.522222222222222,"A",1
"Loc1078",0.944444444444445,0.522222222222222,"A",1
"Loc1079",0.966666666666667,0.522222222222222,"A",1
"Loc1080",0.988888888888889,0.522222222222222,"A",1
"Loc1081",0.0111111111111111,0.544444444444445,"A",1
"Loc1082",0.0333333333333333,0.544444444444445,"A",1
"Loc1083",0.0555555555555556,0.544444444444445,"A",1
"Loc1084",0.0777777777777778,0.544444444444445,"A",1
"Loc1085",0.1,0.544444444444445,"A",1
"Loc1086",0.122222222222222,0.544444444444445,"A",1
"Loc1087",0.144444444444444,0.544444444444445,"A",1
"Loc1088",0.166666666666667,0.544444444444445,"A",1
"Loc1089",0.188888888888889,0.544444444444445,"A",1
"Loc1090",0.211111111111111,0.544444444444445,"A",1
"Loc1091",0.233333333333333,0.544444444444445,"A",1
"Loc1092",0.255555555555556,0.544444444444445,"A",1
"Loc1093",0.277777777777778,0.544444444444445,"A",1
"Loc1094",0.3,0.544444444444445,"A",1
"Loc1095",0.322222222222222,0.544444444444445,"A",1
"Loc1096",0.344444444444444,0.544444444444445,"A",1
"Loc1097",0.366666666666667,0.544444444444445,"A",1
"Loc1098",0.388888888888889,0.544444444444445,"A",1
"Loc1099",0.411111111111111,0.544444444444445,"A",1
"Loc1100",0.433333333333333,0.544444444444445,"A",1
"Loc1101",0.455555555555556,0.544444444444445,"A",1
"Loc1102",0.477777777777778,0.544444444444445,"A",1
"Loc1103",0.5,0.544444444444445,"A",1
"Loc1104",0.522222222222222,0.544444444444445,"A",1
"Loc1105",0.544444444444445,0.544444444444445,"A",1
"Loc1106",0.566666666666667,0.544444444444445,"A",1
"Loc1107",0.588888888888889,0.544444444444445,"A",1
"Loc1108",0.611111111111111,0.544444444444445,"A",1
"Loc1109",0.633333333333333,0.544444444444445,"A",1
"Loc1110",0.655555555555556,0.544444444444445,"A",1
"Loc1111",0.677777777777778,0.544444444444445,"A",1
"Loc1112",0.7,0.544444444444445,"A",1
"Loc1113",0.722222222222222,0.544444444444445,"A",1
"Loc1114",0.744444444444444,0.544444444444445,"A",1
"Loc1115",0.766666666666667,0.544444444444445,"A",1
"Loc1116",0.788888888888889,0.544444444444445,"A",1
"Loc1117",0.811111111111111,0.544444444444445,"A",1
"Loc1118",0.833333333333333,0.544444444444445,"A",1
"Loc1119",0.855555555555556,0.544444444444445,"A",1
"Loc1120",0.877777777777778,0.544444444444445,"A",1
"Loc1121",0.9,0.544444444444445,"A",1
"Loc1122",0.922222222222222,0.544444444444445,"A",1
"Loc1123",0.944444444444445,0.544444444444445,"A",1
"Loc1124",0.966666666666667,0.544444444444445,"A",1
"Loc1125",0.988888888888889,0.544444444444445,"A",1
"Loc1126",0.0111111111111111,0.566666666666667,"A",1
"Loc1127",0.0333333333333333,0.566666666666667,"A",1
"Loc1128",0.0555555555555556,0.566666666666667,"A",1
"Loc1129",0.0777777777777778,0.566666666666667,"A",1
"Loc1130",0.1,0.566666666666667,"A",1
"Loc1131",0.122222222222222,0.566666666666667,"A",1
"Loc1132",0.144444444444444,0.566666666666667,"A",1
"Loc1133",0.166666666666667,0.566666666666667,"A",1
"Loc1134",0.188888888888889,0.566666666666667,"A",1
"Loc1135",0.211111111111111,0.566666666666667,"A",1
"Loc1136",0.233333333333333,0.566666666666667,"A",1
"Loc1137",0.255555555555556,0.566666666666667,"A",1
"Loc1138",0.277777777777778,0.566666666666667,"A",1
"Loc1139",0.3,0.566666666666667,"A",1
"Loc1140",0.322222222222222,0.566666666666667,"A",1
"Loc1141",0.344444444444444,0.566666666666667,"A",1
"Loc1142",0.366666666666667,0.566666666666667,"A",1
"Loc1143",0.388888888888889,0.566666666666667,"A",1
"Loc1144",0.411111111111111,0.566666666666667,"A",1
"Loc1145",0.433333333333333,0.566666666666667,"A",1
"Loc1146",0.455555555555556,0.566666666666667,"A",1
"Loc1147",0.477777777777778,0.566666666666667,"A",1
"Loc1148",0.5,0.566666666666667,"A",1
"Loc1149",0.522222222222222,0.566666666666667,"A",1
"Loc1150",0.544444444444445,0.566666666666667,"A",1
"Loc1151",0.566666666666667,0.566666666666667,"A",1
"Loc1152",0.588888888888889,0.566666666666667,"A",1
"Loc1153",0.611111111111111,0.566666666666667,"A",1
"Loc1154",0.633333333333333,0.566666666666667,"A",1
"Loc1155",0.655555555555556,0.566666666666667,"A",1
"Loc1156",0.677777777777778,0.566666666666667,"A",1
"Loc1157",0.7,0.566666666666667,"A",1
"Loc1158",0.722222222222222,0.566666666666667,"A",1
"Loc1159",0.744444444444444,0.566666666666667,"A",1
"Loc1160",0.766666666666667,0.566666666666667,"A",1
"Loc1161",0.788888888888889,0.566666666666667,"A",1
"Loc1162",0.811111111111111,0.566666666666667,"A",1
"Loc1163",0.833333333333333,0.566666666666667,"A",1
"Loc1164",0.855555555555556,0.566666666666667,"A",1
"Loc1165",0.877777777777778,0.566666666666667,"A",1
"Loc1166",0.9,0.566666666666667,"A",1
"Loc1167",0.922222222222222,0.566666666666667,"A",1
"Loc1168",0.944444444444445,0.566666666666667,"A",1
"Loc1169",0.966666666666667,0.566666666666667,"A",1
"Loc1170",0.988888888888889,0.566666666666667,"A",1
"Loc1171",0.0111111111111111,0.588888888888889,"A",1
"Loc1172",0.0333333333333333,0.588888888888889,"A",1
"Loc1173",0.0555555555555556,0.588888888888889,"A",1
"Loc1174",0.0777777777777778,0.588888888888889,"A",1
"Loc1175",0.1,0.588888888888889,"A",1
"Loc1176",0.122222222222222,0.588888888888889,"A",1
"Loc1177",0.144444444444444,0.588888888888889,"A",1
"Loc1178",0.166666666666667,0.588888888888889,"A",1
"Loc1179",0.188888888888889,0.588888888888889,"A",1
"Loc1180",0.211111111111111,0.588888888888889,"A",1
"Loc1181",0.233333333333333,0.588888888888889,"A",1
"Loc1182",0.255555555555556,0.588888888888889,"A",1
"Loc1183",0.277777777777778,0.588888888888889,"A",1
"Loc1184",0.3,0.588888888888889,"A",1
"Loc1185",0.322222222222222,0.588888888888889,"A",1
"Loc1186",0.344444444444444,0.588888888888889,"A",1
"Loc1187",0.366666666666667,0.588888888888889,"A",1
"Loc1188",0.388888888888889,0.588888888888889,"A",1
"Loc1189",0.411111111111111,0.588888888888889,"A",1
"Loc1190",0.433333333333333,0.588888888888889,"A",1
"Loc1191",0.455555555555556,0.588888888888889,"A",1
"Loc1192",0.477777777777778,0.588888888888889,"A",1
"Loc1193",0.5,0.588888888888889,"A",1
"Loc1194",0.522222222222222,0.588888888888889,"A",1
"Loc1195",0.544444444444445,0.588888888888889,"A",1
"Loc1196",0.566666666666667,0.588888888888889,"A",1
"Loc1197",0.588888888888889,0.588888888888889,"A",1
"Loc1198",0.611111111111111,0.588888888888889,"A",1
"Loc1199",0.633333333333333,0.588888888888889,"A",1
"Loc1200",0.655555555555556,0.588888888888889,"A",1
"Loc1201",0.677777777777778,0.588888888888889,"A",1
"Loc1202",0.7,0.588888888888889,"A",1
"Loc1203",0.722222222222222,0.588888888888889,"A",1
"Loc1204",0.744444444444444,0.588888888888889,"A",1
"Loc1205",0.766666666666667,0.588888888888889,"A",1
"Loc1206",0.788888888888889,0.588888888888889,"A",1
"Loc1207",0.811111111111111,0.588888888888889,"A",1
"Loc1208",0.833333333333333,0.588888888888889,"A",1
"Loc1209",0.855555555555556,0.588888888888889,"A",1
"Loc1210",0.877777777777778,0.588888888888889,"A",1
"Loc1211",0.9,0.588888888888889,"A",1
"Loc1212",0.922222222222222,0.588888888888889,"A",1
"Loc1213",0.944444444444445,0.588888888888889,"A",1
"Loc1214",0.966666666666667,0.588888888888889,"A",1
"Loc1215",0.988888888888889,0.588888888888889,"A",1
"Loc1216",0.0111111111111111,0.611111111111111,"A",1
"Loc1217",0.0333333333333333,0.611111111111111,"A",1
"Loc1218",0.0555555555555556,0.611111111111111,"A",1
"Loc1219",0.0777777777777778,0.611111111111111,"A",1
"Loc1220",0.1,0.611111111111111,"A",1
"Loc1221",0.122222222222222,0.611111111111111,"A",1
"Loc1222",0.144444444444444,0.611111111111111,"A",1
"Loc1223",0.166666666666667,0.611111111111111,"A",1
"Loc1224",0.188888888888889,0.611111111111111,"A",1
"Loc1225",0.211111111111111,0.611111111111111,"A",1
"Loc1226",0.233333333333333,0.611111111111111,"A",1
"Loc1227",0.255555555555556,0.611111111111111,"A",1
"Loc1228",0.277777777777778,0.611111111111111,"A",1
"Loc1229",0.3,0.611111111111111,"A",1
"Loc1230",0.322222222222222,0.611111111111111,"A",1
"Loc1231",0.344444444444444,0.611111111111111,"A",1
"Loc1232",0.366666666666667,0.611111111111111,"A",1
"Loc1233",0.388888888888889,0.611111111111111,"A",1
"Loc1234",0.411111111111111,0.611111111111111,"A",1
"Loc1235",0.433333333333333,0.611111111111111,"A",1
"Loc1236",0.455555555555556,0.611111111111111,"A",1
"Loc1237",0.477777777777778,0.611111111111111,"A",1
"Loc1238",0.5,0.611111111111111,"A",1
"Loc1239",0.522222222222222,0.611111111111111,"A",1
"Loc1240",0.544444444444445,0.611111111111111,"A",1
"Loc1241",0.566666666666667,0.611111111111111,"A",1
"Loc1242",0.588888888888889,0.611111111111111,"A",1
"Loc1243",0.611111111111111,0.611111111111111,"A",1
"Loc1244",0.633333333333333,0.611111111111111,"A",1
"Loc1245",0.655555555555556,0.611111111111111,"A",1
"Loc1246",0.677777777777778,0.611111111111111,"A",1
"Loc1247",0.7,0.611111111111111,"A",1
"Loc1248",0.722222222222222,0.611111111111111,"A",1
"Loc1249",0.744444444444444,0.611111111111111,"A",1
"Loc1250",0.766666666666667,0.611111111111111,"A",1
"Loc1251",0.788888888888889,0.611111111111111,"A",1
"Loc1252",0.811111111111111,0.611111111111111,"A",1
"Loc1253",0.833333333333333,0.611111111111111,"A",1
"Loc1254",0.855555555555556,0.611111111111111,"A",1
"Loc1255",0.877777777777778,0.611111111111111,"A",1
"Loc1256",0.9,0.611111111111111,"A",1
"Loc1257",0.922222222222222,0.611111111111111,"A",1
"Loc1258",0.944444444444445,0.611111111111111,"A",1
"Loc1259",0.966666666666667,0.611111111111111,"A",1
"Loc1260",0.988888888888889,0.611111111111111,"A",1
"Loc1261",0.0111111111111111,0.633333333333333,"A",1
"Loc1262",0.0333333333333333,0.633333333333333,"A",1
"Loc1263",0.0555555555555556,0.633333333333333,"A",1
"Loc1264",0.0777777777777778,0.633333333333333,"A",1
"Loc1265",0.1,0.633333333333333,"A",1
"Loc1266",0.122222222222222,0.633333333333333,"A",1
"Loc1267",0.144444444444444,0.633333333333333,"A",1
"Loc1268",0.166666666666667,0.633333333333333,"A",1
"Loc1269",0.188888888888889,0.633333333333333,"A",1
"Loc1270",0.211111111111111,0.633333333333333,"A",1
"Loc1271",0.233333333333333,0.633333333333333,"A",1
"Loc1272",0.255555555555556,0.633333333333333,"A",1
"Loc1273",0.277777777777778,0.633333333333333,"A",1
"Loc1274",0.3,0.633333333333333,"A",1
"Loc1275",0.322222222222222,0.633333333333333,"A",1
"Loc1276",0.344444444444444,0.633333333333333,"A",1
"Loc1277",0.366666666666667,0.633333333333333,"A",1
"Loc1278",0.388888888888889,0.633333333333333,"A",1
"Loc1279",0.411111111111111,0.633333333333333,"A",1
"Loc1280",0.433333333333333,0.633333333333333,"A",1
"Loc1281",0.455555555555556,0.633333333333333,"A",1
"Loc1282",0.477777777777778,0.633333333333333,"A",1
"Loc1283",0.5,0.633333333333333,"A",1
"Loc1284",0.522222222222222,0.633333333333333,"A",1
"Loc1285",0.544444444444445,0.633333333333333,"A",1
"Loc1286",0.566666666666667,0.633333333333333,"A",1
"Loc1287",0.588888888888889,0.633333333333333,"A",1
"Loc1288",0.611111111111111,0.633333333333333,"A",1
"Loc1289",0.633333333333333,0.633333333333333,"A",1
"Loc1290",0.655555555555556,0.633333333333333,"A",1
"Loc1291",0.677777777777778,0.633333333333333,"A",1
"Loc1292",0.7,0.633333333333333,"A",1
"Loc1293",0.722222222222222,0.633333333333333,"A",1
"Loc1294",0.744444444444444,0.633333333333333,"A",1
"Loc1295",0.766666666666667,0.633333333333333,"A",1
"Loc1296",0.788888888888889,0.633333333333333,"A",1
"Loc1297",0.811111111111111,0.633333333333333,"A",1
"Loc1298",0.833333333333333,0.633333333333333,"A",1
"Loc1299",0.855555555555556,0.633333333333333,"A",1
"Loc1300",0.877777777777778,0.633333333333333,"A",1
"Loc1301",0.9,0.633333333333333,"A",1
"Loc1302",0.922222222222222,0.633333333333333,"A",1
"Loc1303",0.944444444444445,0.633333333333333,"A",1
"Loc1304",0.966666666666667,0.633333333333333,"A",1
"Loc1305",0.988888888888889,0.633333333333333,"A",1
"Loc1306",0.0111111111111111,0.655555555555556,"A",1
"Loc1307",0.0333333333333333,0.655555555555556,"A",1
"Loc1308",0.0555555555555556,0.655555555555556,"A",1
"Loc1309",0.0777777777777778,0.655555555555556,"A",1
"Loc1310",0.1,0.655555555555556,"A",1
"Loc1311",0.122222222222222,0.655555555555556,"A",1
"Loc1312",0.144444444444444,0.655555555555556,"A",1
"Loc1313",0.166666666666667,0.655555555555556,"A",1
"Loc1314",0.188888888888889,0.655555555555556,"A",1
"Loc1315",0.211111111111111,0.655555555555556,"A",1
"Loc1316",0.233333333333333,0.655555555555556,"A",1
"Loc1317",0.255555555555556,0.655555555555556,"A",1
"Loc1318",0.277777777777778,0.655555555555556,"A",1
"Loc1319",0.3,0.655555555555556,"A",1
"Loc1320",0.322222222222222,0.655555555555556,"A",1
"Loc1321",0.344444444444444,0.655555555555556,"A",1
"Loc1322",0.366666666666667,0.655555555555556,"A",1
"Loc1323",0.388888888888889,0.655555555555556,"A",1
"Loc1324",0.411111111111111,0.655555555555556,"A",1
"Loc1325",0.433333333333333,0.655555555555556,"A",1
"Loc1326",0.455555555555556,0.655555555555556,"A",1
"Loc1327",0.477777777777778,0.655555555555556,"A",1
"Loc1328",0.5,0.655555555555556,"A",1
"Loc1329",0.522222222222222,0.655555555555556,"A",1
"Loc1330",0.544444444444445,0.655555555555556,"A",1
"Loc1331",0.566666666666667,0.655555555555556,"A",1
"Loc1332",0.588888888888889,0.655555555555556,"A",1
"Loc1333",0.611111111111111,0.655555555555556,"A",1
"Loc1334",0.633333333333333,0.655555555555556,"A",1
"Loc1335",0.655555555555556,0.655555555555556,"A",1
"Loc1336",0.677777777777778,0.655555555555556,"A",1
"Loc1337",0.7,0.655555555555556,"A",1
"Loc1338",0.722222222222222,0.655555555555556,"A",1
"Loc1339",0.744444444444444,0.655555555555556,"A",1
"Loc1340",0.766666666666667,0.655555555555556,"A",1
"Loc1341",0.788888888888889,0.655555555555556,"A",1
"Loc1342",0.811111111111111,0.655555555555556,"A",1
"Loc1343",0.833333333333333,0.655555555555556,"A",1
"Loc1344",0.855555555555556,0.655555555555556,"A",1
"Loc1345",0.877777777777778,0.655555555555556,"A",1
"Loc1346",0.9,0.655555555555556,"A",1
"Loc1347",0.922222222222222,0.655555555555556,"A",1
"Loc1348",0.944444444444445,0.655555555555556,"A",1
"Loc1349",0.966666666666667,0.655555555555556,"A",1
"Loc1350",0.988888888888889,0.655555555555556,"A",1
"Loc1351",0.0111111111111111,0.677777777777778,"A",1
"Loc1352",0.0333333333333333,0.677777777777778,"A",1
"Loc1353",0.0555555555555556,0.677777777777778,"A",1
"Loc1354",0.0777777777777778,0.677777777777778,"A",1
"Loc1355",0.1,0.677777777777778,"A",1
"Loc1356",0.122222222222222,0.677777777777778,"A",1
"Loc1357",0.144444444444444,0.677777777777778,"A",1
"Loc1358",0.166666666666667,0.677777777777778,"A",1
"Loc1359",0.188888888888889,0.677777777777778,"A",1
"Loc1360",0.211111111111111,0.677777777777778,"A",1
"Loc1361",0.233333333333333,0.677777777777778,"A",1
"Loc1362",0.255555555555556,0.677777777777778,"A",1
"Loc1363",0.277777777777778,0.677777777777778,"A",1
"Loc1364",0.3,0.677777777777778,"A",1
"Loc1365",0.322222222222222,0.677777777777778,"A",1
"Loc1366",0.344444444444444,0.677777777777778,"A",1
"Loc1367",0.366666666666667,0.677777777777778,"A",1
"Loc1368",0.388888888888889,0.677777777777778,"A",1
"Loc1369",0.411111111111111,0.677777777777778,"A",1
"Loc1370",0.433333333333333,0.677777777777778,"A",1
"Loc1371",0.455555555555556,0.677777777777778,"A",1
"Loc1372",0.477777777777778,0.677777777777778,"A",1
"Loc1373",0.5,0.677777777777778,"A",1
"Loc1374",0.522222222222222,0.677777777777778,"A",1
"Loc1375",0.544444444444445,0.677777777777778,"A",1
"Loc1376",0.566666666666667,0.677777777777778,"A",1
"Loc1377",0.588888888888889,0.677777777777778,"A",1
"Loc1378",0.611111111111111,0.677777777777778,"A",1
"Loc1379",0.633333333333333,0.677777777777778,"A",1
"Loc1380",0.655555555555556,0.677777777777778,"A",1
"Loc1381",0.677777777777778,0.677777777777778,"A",1
"Loc1382",0.7,0.677777777777778,"A",1
"Loc1383",0.722222222222222,0.677777777777778,"A",1
"Loc1384",0.744444444444444,0.677777777777778,"A",1
"Loc1385",0.766666666666667,0.677777777777778,"A",1
"Loc1386",0.788888888888889,0.677777777777778,"A",1
"Loc1387",0.811111111111111,0.677777777777778,"A",1
"Loc1388",0.833333333333333,0.677777777777778,"A",1
"Loc1389",0.855555555555556,0.677777777777778,"A",1
"Loc1390",0.877777777777778,0.677777777777778,"A",1
"Loc1391",0.9,0.677777777777778,"A",1
"Loc1392",0.922222222222222,0.677777777777778,"A",1
"Loc1393",0.944444444444445,0.677777777777778,"A",1
"Loc1394",0.966666666666667,0.677777777777778,"A",1
"Loc1395",0.988888888888889,0.677777777777778,"A",1
"Loc1396",0.0111111111111111,0.7,"A",1
"Loc1397",0.0333333333333333,0.7,"A",1
"Loc1398",0.0555555555555556,0.7,"A",1
"Loc1399",0.0777777777777778,0.7,"A",1
"Loc1400",0.1,0.7,"A",1
"Loc1401",0.122222222222222,0.7,"A",1
"Loc1402",0.144444444444444,0.7,"A",1
"Loc1403",0.166666666666667,0.7,"A",1
"Loc1404",0.188888888888889,0.7,"A",1
"Loc1405",0.211111111111111,0.7,"A",1
"Loc1406",0.233333333333333,0.7,"A",1
"Loc1407",0.255555555555556,0.7,"A",1
"Loc1408",0.277777777777778,0.7,"A",1
"Loc1409",0.3,0.7,"A",1
"Loc1410",0.322222222222222,0.7,"A",1
"Loc1411",0.344444444444444,0.7,"A",1
"Loc1412",0.366666666666667,0.7,"A",1
"Loc1413",0.388888888888889,0.7,"A",1
"Loc1414",0.411111111111111,0.7,"A",1
"Loc1415",0.433333333333333,0.7,"A",1
"Loc1416",0.455555555555556,0.7,"A",1
"Loc1417",0.477777777777778,0.7,"A",1
"Loc1418",0.5,0.7,"A",1
"Loc1419",0.522222222222222,0.7,"A",1
"Loc1420",0.544444444444445,0.7,"A",1
"Loc1421",0.566666666666667,0.7,"A",1
"Loc1422",0.588888888888889,0.7,"A",1
"Loc1423",0.611111111111111,0.7,"A",1
"Loc1424",0.633333333333333,0.7,"A",1
"Loc1425",0.655555555555556,0.7,"A",1
"Loc1426",0.677777777777778,0.7,"A",1
"Loc1427",0.7,0.7,"A",1
"Loc1428",0.722222222222222,0.7,"A",1
"Loc1429",0.744444444444444,0.7,"A",1
"Loc1430",0.766666666666667,0.7,"A",1
"Loc1431",0.788888888888889,0.7,"A",1
"Loc1432",0.811111111111111,0.7,"A",1
"Loc1433",0.833333333333333,0.7,"A",1
"Loc1434",0.855555555555556,0.7,"A",1
"Loc1435",0.877777777777778,0.7,"A",1
"Loc1436",0.9,0.7,"A",1
"Loc1437",0.922222222222222,0.7,"A",1
"Loc1438",0.944444444444445,0.7,"A",1
"Loc1439",0.966666666666667,0.7,"A",1
"Loc1440",0.988888888888889,0.7,"A",1
"Loc1441",0.0111111111111111,0.722222222222222,"A",1
"Loc1442",0.0333333333333333,0.722222222222222,"A",1
"Loc1443",0.0555555555555556,0.722222222222222,"A",1
"Loc1444",0.0777777777777778,0.722222222222222,"A",1
"Loc1445",0.1,0.722222222222222,"A",1
"Loc1446",0.122222222222222,0.722222222222222,"A",1
"Loc1447",0.144444444444444,0.722222222222222,"A",1
"Loc1448",0.166666666666667,0.722222222222222,"A",1
"Loc1449",0.188888888888889,0.722222222222222,"A",1
"Loc1450",0.211111111111111,0.722222222222222,"A",1
"Loc1451",0.233333333333333,0.722222222222222,"A",1
"Loc1452",0.255555555555556,0.722222222222222,"A",1
"Loc1453",0.277777777777778,0.722222222222222,"A",1
"Loc1454",0.3,0.722222222222222,"A",1
"Loc1455",0.322222222222222,0.722222222222222,"A",1
"Loc1456",0.344444444444444,0.722222222222222,"A",1
"Loc1457",0.366666666666667,0.722222222222222,"A",1
"Loc1458",0.388888888888889,0.722222222222222,"A",1
"Loc1459",0.411111111111111,0.722222222222222,"A",1
"Loc1460",0.433333333333333,0.722222222222222,"A",1
"Loc1461",0.455555555555556,0.722222222222222,"A",1
"Loc1462",0.477777777777778,0.722222222222222,"A",1
"Loc1463",0.5,0.722222222222222,"A",1
"Loc1464",0.522222222222222,0.722222222222222,"A",1
"Loc1465",0.544444444444445,0.722222222222222,"A",1
"Loc1466",0.566666666666667,0.722222222222222,"A",1
"Loc1467",0.588888888888889,0.722222222222222,"A",1
"Loc1468",0.611111111111111,0.722222222222222,"A",1
"Loc1469",0.633333333333333,0.722222222222222,"A",1
"Loc1470",0.655555555555556,0.722222222222222,"A",1
"Loc1471",0.677777777777778,0.722222222222222,"A",1
"Loc1472",0.7,0.722222222222222,"A",1
"Loc1473",0.722222222222222,0.722222222222222,"A",1
"Loc1474",0.744444444444444,0.722222222222222,"A",1
"Loc1475",0.766666666666667,0.722222222222222,"A",1
"Loc1476",0.788888888888889,0.722222222222222,"A",1
"Loc1477",0.811111111111111,0.722222222222222,"A",1
"Loc1478",0.833333333333333,0.722222222222222,"A",1
"Loc1479",0.855555555555556,0.722222222222222,"A",1
"Loc1480",0.877777777777778,0.722222222222222,"A",1
"Loc1481",0.9,0.722222222222222,"A",1
"Loc1482",0.922222222222222,0.722222222222222,"A",1
"Loc1483",0.944444444444445,0.722222222222222,"A",1
"Loc1484",0.966666666666667,0.722222222222222,"A",1
"Loc1485",0.988888888888889,0.722222222222222,"A",1
"Loc1486",0.0111111111111111,0.744444444444444,"A",1
"Loc1487",0.0333333333333333,0.744444444444444,"A",1
"Loc1488",0.0555555555555556,0.744444444444444,"A",1
"Loc1489",0.0777777777777778,0.744444444444444,"A",1
"Loc1490",0.1,0.744444444444444,"A",1
"Loc1491",0.122222222222222,0.744444444444444,"A",1
"Loc1492",0.144444444444444,0.744444444444444,"A",1
"Loc1493",0.166666666666667,0.744444444444444,"A",1
"Loc1494",0.188888888888889,0.744444444444444,"A",1
"Loc1495",0.211111111111111,0.744444444444444,"A",1
"Loc1496",0.233333333333333,0.744444444444444,"A",1
"Loc1497",0.255555555555556,0.744444444444444,"A",1
"Loc1498",0.277777777777778,0.744444444444444,"A",1
"Loc1499",0.3,0.744444444444444,"A",1
"Loc1500",0.322222222222222,0.744444444444444,"A",1
"Loc1501",0.344444444444444,0.744444444444444,"A",1
"Loc1502",0.366666666666667,0.744444444444444,"A",1
"Loc1503",0.388888888888889,0.744444444444444,"A",1
"Loc1504",0.411111111111111,0.744444444444444,"A",1
"Loc1505",0.433333333333333,0.744444444444444,"A",1
"Loc1506",0.455555555555556,0.744444444444444,"A",1
"Loc1507",0.477777777777778,0.744444444444444,"A",1
"Loc1508",0.5,0.744444444444444,"A",1
"Loc1509",0.522222222222222,0.744444444444444,"A",1
"Loc1510",0.544444444444445,0.744444444444444,"A",1
"Loc1511",0.566666666666667,0.744444444444444,"A",1
"Loc1512",0.588888888888889,0.744444444444444,"A",1
"Loc1513",0.611111111111111,0.744444444444444,"A",1
"Loc1514",0.633333333333333,0.744444444444444,"A",1
"Loc1515",0.655555555555556,0.744444444444444,"A",1
"Loc1516",0.677777777777778,0.744444444444444,"A",1
"Loc1517",0.7,0.744444444444444,"A",1
"Loc1518",0.722222222222222,0.744444444444444,"A",1
"Loc1519",0.744444444444444,0.744444444444444,"A",1
"Loc1520",0.766666666666667,0.744444444444444,"A",1
"Loc1521",0.788888888888889,0.744444444444444,"A",1
"Loc1522",0.811111111111111,0.744444444444444,"A",1
"Loc1523",0.833333333333333,0.744444444444444,"A",1
"Loc1524",0.855555555555556,0.744444444444444,"A",1
"Loc1525",0.877777777777778,0.744444444444444,"A",1
"Loc1526",0.9,0.744444444444444,"A",1
"Loc1527",0.922222222222222,0.744444444444444,"A",1
"Loc1528",0.944444444444445,0.744444444444444,"A",1
"Loc1529",0.966666666666667,0.744444444444444,"A",1
"Loc1530",0.988888888888889,0.744444444444444,"A",1
"Loc1531",0.0111111111111111,0.766666666666667,"A",1
"Loc1532",0.0333333333333333,0.766666666666667,"A",1
"Loc1533",0.0555555555555556,0.766666666666667,"A",1
"Loc1534",0.0777777777777778,0.766666666666667,"A",1
"Loc1535",0.1,0.766666666666667,"A",1
"Loc1536",0.122222222222222,0.766666666666667,"A",1
"Loc1537",0.144444444444444,0.766666666666667,"A",1
"Loc1538",0.166666666666667,0.766666666666667,"A",1
"Loc1539",0.188888888888889,0.766666666666667,"A",1
"Loc1540",0.211111111111111,0.766666666666667,"A",1
"Loc1541",0.233333333333333,0.766666666666667,"A",1
"Loc1542",0.255555555555556,0.766666666666667,"A",1
"Loc1543",0.277777777777778,0.766666666666667,"A",1
"Loc1544",0.3,0.766666666666667,"A",1
"Loc1545",0.322222222222222,0.766666666666667,"A",1
"Loc1546",0.344444444444444,0.766666666666667,"A",1
"Loc1547",0.366666666666667,0.766666666666667,"A",1
"Loc1548",0.388888888888889,0.766666666666667,"A",1
"Loc1549",0.411111111111111,0.766666666666667,"A",1
"Loc1550",0.433333333333333,0.766666666666667,"A",1
"Loc1551",0.455555555555556,0.766666666666667,"A",1
"Loc1552",0.477777777777778,0.766666666666667,"A",1
"Loc1553",0.5,0.766666666666667,"A",1
"Loc1554",0.522222222222222,0.766666666666667,"A",1
"Loc1555",0.544444444444445,0.766666666666667,"A",1
"Loc1556",0.566666666666667,0.766666666666667,"A",1
"Loc1557",0.588888888888889,0.766666666666667,"A",1
"Loc1558",0.611111111111111,0.766666666666667,"A",1
"Loc1559",0.633333333333333,0.766666666666667,"A",1
"Loc1560",0.655555555555556,0.766666666666667,"A",1
"Loc1561",0.677777777777778,0.766666666666667,"A",1
"Loc1562",0.7,0.766666666666667,"A",1
"Loc1563",0.722222222222222,0.766666666666667,"A",1
"Loc1564",0.744444444444444,0.766666666666667,"A",1
"Loc1565",0.766666666666667,0.766666666666667,"A",1
"Loc1566",0.788888888888889,0.766666666666667,"A",1
"Loc1567",0.811111111111111,0.766666666666667,"A",1
"Loc1568",0.833333333333333,0.766666666666667,"A",1
"Loc1569",0.855555555555556,0.766666666666667,"A",1
"Loc1570",0.877777777777778,0.766666666666667,"A",1
"Loc1571",0.9,0.766666666666667,"A",1
"Loc1572",0.922222222222222,0.766666666666667,"A",1
"Loc1573",0.944444444444445,0.766666666666667,"A",1
"Loc1574",0.966666666666667,0.766666666666667,"A",1
"Loc1575",0.988888888888889,0.766666666666667,"A",1
"Loc1576",0.0111111111111111,0.788888888888889,"A",1
"Loc1577",0.0333333333333333,0.788888888888889,"A",1
"Loc1578",0.0555555555555556,0.788888888888889,"A",1
"Loc1579",0.0777777777777778,0.788888888888889,"A",1
"Loc1580",0.1,0.788888888888889,"A",1
"Loc1581",0.122222222222222,0.788888888888889,"A",1
"Loc1582",0.144444444444444,0.788888888888889,"A",1
"Loc1583",0.166666666666667,0.788888888888889,"A",1
"Loc1584",0.188888888888889,0.788888888888889,"A",1
"Loc1585",0.211111111111111,0.788888888888889,"A",1
"Loc1586",0.233333333333333,0.788888888888889,"A",1
"Loc1587",0.255555555555556,0.788888888888889,"A",1
"Loc1588",0.277777777777778,0.788888888888889,"A",1
"Loc1589",0.3,0.788888888888889,"A",1
"Loc1590",0.322222222222222,0.788888888888889,"A",1
"Loc1591",0.344444444444444,0.788888888888889,"A",1
"Loc1592",0.366666666666667,0.788888888888889,"A",1
"Loc1593",0.388888888888889,0.788888888888889,"A",1
"Loc1594",0.411111111111111,0.788888888888889,"A",1
"Loc1595",0.433333333333333,0.788888888888889,"A",1
"Loc1596",0.455555555555556,0.788888888888889,"A",1
"Loc1597",0.477777777777778,0.788888888888889,"A",1
"Loc1598",0.5,0.788888888888889,"A",1
"Loc1599",0.522222222222222,0.788888888888889,"A",1
"Loc1600",0.544444444444445,0.788888888888889,"A",1
"Loc1601",0.566666666666667,0.788888888888889,"A",1
"Loc1602",0.588888888888889,0.788888888888889,"A",1
"Loc1603",0.611111111111111,0.788888888888889,"A",1
"Loc1604",0.633333333333333,0.788888888888889,"A",1
"Loc1605",0.655555555555556,0.788888888888889,"A",1
"Loc1606",0.677777777777778,0.788888888888889,"A",1
"Loc1607",0.7,0.788888888888889,"A",1
"Loc1608",0.722222222222222,0.788888888888889,"A",1
"Loc1609",0.744444444444444,0.788888888888889,"A",1
"Loc1610",0.766666666666667,0.788888888888889,"A",1
"Loc1611",0.788888888888889,0.788888888888889,"A",1
"Loc1612",0.811111111111111,0.788888888888889,"A",1
"Loc1613",0.833333333333333,0.788888888888889,"A",1
"Loc1614",0.855555555555556,0.788888888888889,"A",1
"Loc1615",0.877777777777778,0.788888888888889,"A",1
"Loc1616",0.9,0.788888888888889,"A",1
"Loc1617",0.922222222222222,0.788888888888889,"A",1
"Loc1618",0.944444444444445,0.788888888888889,"A",1
"Loc1619",0.966666666666667,0.788888888888889,"A",1
"Loc1620",0.988888888888889,0.788888888888889,"A",1
"Loc1621",0.0111111111111111,0.811111111111111,"A",1
"Loc1622",0.0333333333333333,0.811111111111111,"A",1
"Loc1623",0.0555555555555556,0.811111111111111,"A",1
"Loc1624",0.0777777777777778,0.811111111111111,"A",1
"Loc1625",0.1,0.811111111111111,"A",1
"Loc1626",0.122222222222222,0.811111111111111,"A",1
"Loc1627",0.144444444444444,0.811111111111111,"A",1
"Loc1628",0.166666666666667,0.811111111111111,"A",1
"Loc1629",0.188888888888889,0.811111111111111,"A",1
"Loc1630",0.211111111111111,0.811111111111111,"A",1
"Loc1631",0.233333333333333,0.811111111111111,"A",1
"Loc1632",0.255555555555556,0.811111111111111,"A",1
"Loc1633",0.277777777777778,0.811111111111111,"A",1
"Loc1634",0.3,0.811111111111111,"A",1
"Loc1635",0.322222222222222,0.811111111111111,"A",1
"Loc1636",0.344444444444444,0.811111111111111,"A",1
"Loc1637",0.366666666666667,0.811111111111111,"A",1
"Loc1638",0.388888888888889,0.811111111111111,"A",1
"Loc1639",0.411111111111111,0.811111111111111,"A",1
"Loc1640",0.433333333333333,0.811111111111111,"A",1
"Loc1641",0.455555555555556,0.811111111111111,"A",1
"Loc1642",0.477777777777778,0.811111111111111,"A",1
"Loc1643",0.5,0.811111111111111,"A",1
"Loc1644",0.522222222222222,0.811111111111111,"A",1
"Loc1645",0.544444444444445,0.811111111111111,"A",1
"Loc1646",0.566666666666667,0.811111111111111,"A",1
"Loc1647",0.588888888888889,0.811111111111111,"A",1
"Loc1648",0.611111111111111,0.811111111111111,"A",1
"Loc1649",0.633333333333333,0.811111111111111,"A",1
"Loc1650",0.655555555555556,0.811111111111111,"A",1
"Loc1651",0.677777777777778,0.811111111111111,"A",1
"Loc1652",0.7,0.811111111111111,"A",1
"Loc1653",0.722222222222222,0.811111111111111,"A",1
"Loc1654",0.744444444444444,0.811111111111111,"A",1
"Loc1655",0.766666666666667,0.811111111111111,"A",1
"Loc1656",0.788888888888889,0.811111111111111,"A",1
"Loc1657",0.811111111111111,0.811111111111111,"A",1
"Loc1658",0.833333333333333,0.811111111111111,"A",1
"Loc1659",0.855555555555556,0.811111111111111,"A",1
"Loc1660",0.877777777777778,0.811111111111111,"A",1
"Loc1661",0.9,0.811111111111111,"A",1
"Loc1662",0.922222222222222,0.811111111111111,"A",1
"Loc1663",0.944444444444445,0.811111111111111,"A",1
"Loc1664",0.966666666666667,0.811111111111111,"A",1
"Loc1665",0.988888888888889,0.811111111111111,"A",1
"Loc1666",0.0111111111111111,0.833333333333333,"A",1
"Loc1667",0.0333333333333333,0.833333333333333,"A",1
"Loc1668",0.0555555555555556,0.833333333333333,"A",1
"Loc1669",0.0777777777777778,0.833333333333333,"A",1
"Loc1670",0.1,0.833333333333333,"A",1
"Loc1671",0.122222222222222,0.833333333333333,"A",1
"Loc1672",0.144444444444444,0.833333333333333,"A",1
"Loc1673",0.166666666666667,0.833333333333333,"A",1
"Loc1674",0.188888888888889,0.833333333333333,"A",1
"Loc1675",0.211111111111111,0.833333333333333,"A",1
"Loc1676",0.233333333333333,0.833333333333333,"A",1
"Loc1677",0.255555555555556,0.833333333333333,"A",1
"Loc1678",0.277777777777778,0.833333333333333,"A",1
"Loc1679",0.3,0.833333333333333,"A",1
"Loc1680",0.322222222222222,0.833333333333333,"A",1
"Loc1681",0.344444444444444,0.833333333333333,"A",1
"Loc1682",0.366666666666667,0.833333333333333,"A",1
"Loc1683",0.388888888888889,0.833333333333333,"A",1
"Loc1684",0.411111111111111,0.833333333333333,"A",1
"Loc1685",0.433333333333333,0.833333333333333,"A",1
"Loc1686",0.455555555555556,0.833333333333333,"A",1
"Loc1687",0.477777777777778,0.833333333333333,"A",1
"Loc1688",0.5,0.833333333333333,"A",1
"Loc1689",0.522222222222222,0.833333333333333,"A",1
"Loc1690",0.544444444444445,0.833333333333333,"A",1
"Loc1691",0.566666666666667,0.833333333333333,"A",1
"Loc1692",0.588888888888889,0.833333333333333,"A",1
"Loc1693",0.611111111111111,0.833333333333333,"A",1
"Loc1694",0.633333333333333,0.833333333333333,"A",1
"Loc1695",0.655555555555556,0.833333333333333,"A",1
"Loc1696",0.677777777777778,0.833333333333333,"A",1
"Loc1697",0.7,0.833333333333333,"A",1
"Loc1698",0.722222222222222,0.833333333333333,"A",1
"Loc1699",0.744444444444444,0.833333333333333,"A",1
"Loc1700",0.766666666666667,0.833333333333333,"A",1
"Loc1701",0.788888888888889,0.833333333333333,"A",1
"Loc1702",0.811111111111111,0.833333333333333,"A",1
"Loc1703",0.833333333333333,0.833333333333333,"A",1
"Loc1704",0.855555555555556,0.833333333333333,"A",1
"Loc1705",0.877777777777778,0.833333333333333,"A",1
"Loc1706",0.9,0.833333333333333,"A",1
"Loc1707",0.922222222222222,0.833333333333333,"A",1
"Loc1708",0.944444444444445,0.833333333333333,"A",1
"Loc1709",0.966666666666667,0.833333333333333,"A",1
"Loc1710",0.988888888888889,0.833333333333333,"A",1
"Loc1711",0.0111111111111111,0.855555555555556,"A",1
"Loc1712",0.0333333333333333,0.855555555555556,"A",1
"Loc1713",0.0555555555555556,0.855555555555556,"A",1
"Loc1714",0.0777777777777778,0.855555555555556,"A",1
"Loc1715",0.1,0.855555555555556,"A",1
"Loc1716",0.122222222222222,0.855555555555556,"A",1
"Loc1717",0.144444444444444,0.855555555555556,"A",1
"Loc1718",0.166666666666667,0.855555555555556,"A",1
"Loc1719",0.188888888888889,0.855555555555556,"A",1
"Loc1720",0.211111111111111,0.855555555555556,"A",1
"Loc1721",0.233333333333333,0.855555555555556,"A",1
"Loc1722",0.255555555555556,0.855555555555556,"A",1
"Loc1723",0.277777777777778,0.855555555555556,"A",1
"Loc1724",0.3,0.855555555555556,"A",1
"Loc1725",0.322222222222222,0.855555555555556,"A",1
"Loc1726",0.344444444444444,0.855555555555556,"A",1
"Loc1727",0.366666666666667,0.855555555555556,"A",1
"Loc1728",0.388888888888889,0.855555555555556,"A",1
"Loc1729",0.411111111111111,0.855555555555556,"A",1
"Loc1730",0.433333333333333,0.855555555555556,"A",1
"Loc1731",0.455555555555556,0.855555555555556,"A",1
"Loc1732",0.477777777777778,0.855555555555556,"A",1
"Loc1733",0.5,0.855555555555556,"A",1
"Loc1734",0.522222222222222,0.855555555555556,"A",1
"Loc1735",0.544444444444445,0.855555555555556,"A",1
"Loc1736",0.566666666666667,0.855555555555556,"A",1
"Loc1737",0.588888888888889,0.855555555555556,"A",1
"Loc1738",0.611111111111111,0.855555555555556,"A",1
"Loc1739",0.633333333333333,0.855555555555556,"A",1
"Loc1740",0.655555555555556,0.855555555555556,"A",1
"Loc1741",0.677777777777778,0.855555555555556,"A",1
"Loc1742",0.7,0.855555555555556,"A",1
"Loc1743",0.722222222222222,0.855555555555556,"A",1
"Loc1744",0.744444444444444,0.855555555555556,"A",1
"Loc1745",0.766666666666667,0.855555555555556,"A",1
"Loc1746",0.788888888888889,0.855555555555556,"A",1
"Loc1747",0.811111111111111,0.855555555555556,"A",1
"Loc1748",0.833333333333333,0.855555555555556,"A",1
"Loc1749",0.855555555555556,0.855555555555556,"A",1
"Loc1750",0.877777777777778,0.855555555555556,"A",1
"Loc1751",0.9,0.855555555555556,"A",1
"Loc1752",0.922222222222222,0.855555555555556,"A",1
"Loc1753",0.944444444444445,0.855555555555556,"A",1
"Loc1754",0.966666666666667,0.855555555555556,"A",1
"Loc1755",0.988888888888889,0.855555555555556,"A",1
"Loc1756",0.0111111111111111,0.877777777777778,"A",1
"Loc1757",0.0333333333333333,0.877777777777778,"A",1
"Loc1758",0.0555555555555556,0.877777777777778,"A",1
"Loc1759",0.0777777777777778,0.877777777777778,"A",1
"Loc1760",0.1,0.877777777777778,"A",1
"Loc1761",0.122222222222222,0.877777777777778,"A",1
"Loc1762",0.144444444444444,0.877777777777778,"A",1
"Loc1763",0.166666666666667,0.877777777777778,"A",1
"Loc1764",0.188888888888889,0.877777777777778,"A",1
"Loc1765",0.211111111111111,0.877777777777778,"A",1
"Loc1766",0.233333333333333,0.877777777777778,"A",1
"Loc1767",0.255555555555556,0.877777777777778,"A",1
"Loc1768",0.277777777777778,0.877777777777778,"A",1
"Loc1769",0.3,0.877777777777778,"A",1
"Loc1770",0.322222222222222,0.877777777777778,"A",1
"Loc1771",0.344444444444444,0.877777777777778,"A",1
"Loc1772",0.366666666666667,0.877777777777778,"A",1
"Loc1773",0.388888888888889,0.877777777777778,"A",1
"Loc1774",0.411111111111111,0.877777777777778,"A",1
"Loc1775",0.433333333333333,0.877777777777778,"A",1
"Loc1776",0.455555555555556,0.877777777777778,"A",1
"Loc1777",0.477777777777778,0.877777777777778,"A",1
"Loc1778",0.5,0.877777777777778,"A",1
"Loc1779",0.522222222222222,0.877777777777778,"A",1
"Loc1780",0.544444444444445,0.877777777777778,"A",1
"Loc1781",0.566666666666667,0.877777777777778,"A",1
"Loc1782",0.588888888888889,0.877777777777778,"A",1
"Loc1783",0.611111111111111,0.877777777777778,"A",1
"Loc1784",0.633333333333333,0.877777777777778,"A",1
"Loc1785",0.655555555555556,0.877777777777778,"A",1
"Loc1786",0.677777777777778,0.877777777777778,"A",1
"Loc1787",0.7,0.877777777777778,"A",1
"Loc1788",0.722222222222222,0.877777777777778,"A",1
"Loc1789",0.744444444444444,0.877777777777778,"A",1
"Loc1790",0.766666666666667,0.877777777777778,"A",1
"Loc1791",0.788888888888889,0.877777777777778,"A",1
"Loc1792",0.811111111111111,0.877777777777778,"A",1
"Loc1793",0.833333333333333,0.877777777777778,"A",1
"Loc1794",0.855555555555556,0.877777777777778,"A",1
"Loc1795",0.877777777777778,0.877777777777778,"A",1
"Loc1796",0.9,0.877777777777778,"A",1
"Loc1797",0.922222222222222,0.877777777777778,"A",1
"Loc1798",0.944444444444445,0.877777777777778,"A",1
"Loc1799",0.966666666666667,0.877777777777778,"A",1
"Loc1800",0.988888888888889,0.877777777777778,"A",1
"Loc1801",0.0111111111111111,0.9,"A",1
"Loc1802",0.0333333333333333,0.9,"A",1
"Loc1803",0.0555555555555556,0.9,"A",1
"Loc1804",0.0777777777777778,0.9,"A",1
"Loc1805",0.1,0.9,"A",1
"Loc1806",0.122222222222222,0.9,"A",1
"Loc1807",0.144444444444444,0.9,"A",1
"Loc1808",0.166666666666667,0.9,"A",1
"Loc1809",0.188888888888889,0.9,"A",1
"Loc1810",0.211111111111111,0.9,"A",1
"Loc1811",0.233333333333333,0.9,"A",1
"Loc1812",0.255555555555556,0.9,"A",1
"Loc1813",0.277777777777778,0.9,"A",1
"Loc1814",0.3,0.9,"A",1
"Loc1815",0.322222222222222,0.9,"A",1
"Loc1816",0.344444444444444,0.9,"A",1
"Loc1817",0.366666666666667,0.9,"A",1
"Loc1818",0.388888888888889,0.9,"A",1
"Loc1819",0.411111111111111,0.9,"A",1
"Loc1820",0.433333333333333,0.9,"A",1
"Loc1821",0.455555555555556,0.9,"A",1
"Loc1822",0.477777777777778,0.9,"A",1
"Loc1823",0.5,0.9,"A",1
"Loc1824",0.522222222222222,0.9,"A",1
"Loc1825",0.544444444444445,0.9,"A",1
"Loc1826",0.566666666666667,0.9,"A",1
"Loc1827",0.588888888888889,0.9,"A",1
"Loc1828",0.611111111111111,0.9,"A",1
"Loc1829",0.633333333333333,0.9,"A",1
"Loc1830",0.655555555555556,0.9,"A",1
"Loc1831",0.677777777777778,0.9,"A",1
"Loc1832",0.7,0.9,"A",1
"Loc1833",0.722222222222222,0.9,"A",1
"Loc1834",0.744444444444444,0.9,"A",1
"Loc1835",0.766666666666667,0.9,"A",1
"Loc1836",0.788888888888889,0.9,"A",1
"Loc1837",0.811111111111111,0.9,"A",1
"Loc1838",0.833333333333333,0.9,"A",1
"Loc1839",0.855555555555556,0.9,"A",1
"Loc1840",0.877777777777778,0.9,"A",1
"Loc1841",0.9,0.9,"A",1
"Loc1842",0.922222222222222,0.9,"A",1
"Loc1843",0.944444444444445,0.9,"A",1
"Loc1844",0.966666666666667,0.9,"A",1
"Loc1845",0.988888888888889,0.9,"A",1
"Loc1846",0.0111111111111111,0.922222222222222,"A",1
"Loc1847",0.0333333333333333,0.922222222222222,"A",1
"Loc1848",0.0555555555555556,0.922222222222222,"A",1
"Loc1849",0.0777777777777778,0.922222222222222,"A",1
"Loc1850",0.1,0.922222222222222,"A",1
"Loc1851",0.122222222222222,0.922222222222222,"A",1
"Loc1852",0.144444444444444,0.922222222222222,"A",1
"Loc1853",0.166666666666667,0.922222222222222,"A",1
"Loc1854",0.188888888888889,0.922222222222222,"A",1
"Loc1855",0.211111111111111,0.922222222222222,"A",1
"Loc1856",0.233333333333333,0.922222222222222,"A",1
"Loc1857",0.255555555555556,0.922222222222222,"A",1
"Loc1858",0.277777777777778,0.922222222222222,"A",1
"Loc1859",0.3,0.922222222222222,"A",1
"Loc1860",0.322222222222222,0.922222222222222,"A",1
"Loc1861",0.344444444444444,0.922222222222222,"A",1
"Loc1862",0.366666666666667,0.922222222222222,"A",1
"Loc1863",0.388888888888889,0.922222222222222,"A",1
"Loc1864",0.411111111111111,0.922222222222222,"A",1
"Loc1865",0.433333333333333,0.922222222222222,"A",1
"Loc1866",0.455555555555556,0.922222222222222,"A",1
"Loc1867",0.477777777777778,0.922222222222222,"A",1
"Loc1868",0.5,0.922222222222222,"A",1
"Loc1869",0.522222222222222,0.922222222222222,"A",1
"Loc1870",0.544444444444445,0.922222222222222,"A",1
"Loc1871",0.566666666666667,0.922222222222222,"A",1
"Loc1872",0.588888888888889,0.922222222222222,"A",1
"Loc1873",0.611111111111111,0.922222222222222,"A",1
"Loc1874",0.633333333333333,0.922222222222222,"A",1
"Loc1875",0.655555555555556,0.922222222222222,"A",1
"Loc1876",0.677777777777778,0.922222222222222,"A",1
"Loc1877",0.7,0.922222222222222,"A",1
"Loc1878",0.722222222222222,0.922222222222222,"A",1
"Loc1879",0.744444444444444,0.922222222222222,"A",1
"Loc1880",0.766666666666667,0.922222222222222,"A",1
"Loc1881",0.788888888888889,0.922222222222222,"A",1
"Loc1882",0.811111111111111,0.922222222222222,"A",1
"Loc1883",0.833333333333333,0.922222222222222,"A",1
"Loc1884",0.855555555555556,0.922222222222222,"A",1
"Loc1885",0.877777777777778,0.922222222222222,"A",1
"Loc1886",0.9,0.922222222222222,"A",1
"Loc1887",0.922222222222222,0.922222222222222,"A",1
"Loc1888",0.944444444444445,0.922222222222222,"A",1
"Loc1889",0.966666666666667,0.922222222222222,"A",1
"Loc1890",0.988888888888889,0.922222222222222,"A",1
"Loc1891",0.0111111111111111,0.944444444444445,"A",1
"Loc1892",0.0333333333333333,0.944444444444445,"A",1
"Loc1893",0.0555555555555556,0.944444444444445,"A",1
"Loc1894",0.0777777777777778,0.944444444444445,"A",1
"Loc1895",0.1,0.944444444444445,"A",1
"Loc1896",0.122222222222222,0.944444444444445,"A",1
"Loc1897",0.144444444444444,0.944444444444445,"A",1
"Loc1898",0.166666666666667,0.944444444444445,"A",1
"Loc1899",0.188888888888889,0.944444444444445,"A",1
"Loc1900",0.211111111111111,0.944444444444445,"A",1
"Loc1901",0.233333333333333,0.944444444444445,"A",1
"Loc1902",0.255555555555556,0.944444444444445,"A",1
"Loc1903",0.277777777777778,0.944444444444445,"A",1
"Loc1904",0.3,0.944444444444445,"A",1
"Loc1905",0.322222222222222,0.944444444444445,"A",1
"Loc1906",0.344444444444444,0.944444444444445,"A",1
"Loc1907",0.366666666666667,0.944444444444445,"A",1
"Loc1908",0.388888888888889,0.944444444444445,"A",1
"Loc1909",0.411111111111111,0.944444444444445,"A",1
"Loc1910",0.433333333333333,0.944444444444445,"A",1
"Loc1911",0.455555555555556,0.944444444444445,"A",1
"Loc1912",0.477777777777778,0.944444444444445,"A",1
"Loc1913",0.5,0.944444444444445,"A",1
"Loc1914",0.522222222222222,0.944444444444445,"A",1
"Loc1915",0.544444444444445,0.944444444444445,"A",1
"Loc1916",0.566666666666667,0.944444444444445,"A",1
"Loc1917",0.588888888888889,0.944444444444445,"A",1
"Loc1918",0.611111111111111,0.944444444444445,"A",1
"Loc1919",0.633333333333333,0.944444444444445,"A",1
"Loc1920",0.655555555555556,0.944444444444445,"A",1
"Loc1921",0.677777777777778,0.944444444444445,"A",1
"Loc1922",0.7,0.944444444444445,"A",1
"Loc1923",0.722222222222222,0.944444444444445,"A",1
"Loc1924",0.744444444444444,0.944444444444445,"A",1
"Loc1925",0.766666666666667,0.944444444444445,"A",1
"Loc1926",0.788888888888889,0.944444444444445,"A",1
"Loc1927",0.811111111111111,0.944444444444445,"A",1
"Loc1928",0.833333333333333,0.944444444444445,"A",1
"Loc1929",0.855555555555556,0.944444444444445,"A",1
"Loc1930",0.877777777777778,0.944444444444445,"A",1
"Loc1931",0.9,0.944444444444445,"A",1
"Loc1932",0.922222222222222,0.944444444444445,"A",1
"Loc1933",0.944444444444445,0.944444444444445,"A",1
"Loc1934",0.966666666666667,0.944444444444445,"A",1
"Loc1935",0.988888888888889,0.944444444444445,"A",1
"Loc1936",0.0111111111111111,0.966666666666667,"A",1
"Loc1937",0.0333333333333333,0.966666666666667,"A",1
"Loc1938",0.0555555555555556,0.966666666666667,"A",1
"Loc1939",0.0777777777777778,0.966666666666667,"A",1
"Loc1940",0.1,0.966666666666667,"A",1
"Loc1941",0.122222222222222,0.966666666666667,"A",1
"Loc1942",0.144444444444444,0.966666666666667,"A",1
"Loc1943",0.166666666666667,0.966666666666667,"A",1
"Loc1944",0.188888888888889,0.966666666666667,"A",1
"Loc1945",0.211111111111111,0.966666666666667,"A",1
"Loc1946",0.233333333333333,0.966666666666667,"A",1
"Loc1947",0.255555555555556,0.966666666666667,"A",1
"Loc1948",0.277777777777778,0.966666666666667,"A",1
"Loc1949",0.3,0.966666666666667,"A",1
"Loc1950",0.322222222222222,0.966666666666667,"A",1
"Loc1951",0.344444444444444,0.966666666666667,"A",1
"Loc1952",0.366666666666667,0.966666666666667,"A",1
"Loc1953",0.388888888888889,0.966666666666667,"A",1
"Loc1954",0.411111111111111,0.966666666666667,"A",1
"Loc1955",0.433333333333333,0.966666666666667,"A",1
"Loc1956",0.455555555555556,0.966666666666667,"A",1
"Loc1957",0.477777777777778,0.966666666666667,"A",1
"Loc1958",0.5,0.966666666666667,"A",1
"Loc1959",0.522222222222222,0.966666666666667,"A",1
"Loc1960",0.544444444444445,0.966666666666667,"A",1
"Loc1961",0.566666666666667,0.966666666666667,"A",1
"Loc1962",0.588888888888889,0.966666666666667,"A",1
"Loc1963",0.611111111111111,0.966666666666667,"A",1
"Loc1964",0.633333333333333,0.966666666666667,"A",1
"Loc1965",0.655555555555556,0.966666666666667,"A",1
"Loc1966",0.677777777777778,0.966666666666667,"A",1
"Loc1967",0.7,0.966666666666667,"A",1
"Loc1968",0.722222222222222,0.966666666666667,"A",1
"Loc1969",0.744444444444444,0.966666666666667,"A",1
"Loc1970",0.766666666666667,0.966666666666667,"A",1
"Loc1971",0.788888888888889,0.966666666666667,"A",1
"Loc1972",0.811111111111111,0.966666666666667,"A",1
"Loc1973",0.833333333333333,0.966666666666667,"A",1
"Loc1974",0.855555555555556,0.966666666666667,"A",1
"Loc1975",0.877777777777778,0.966666666666667,"A",1
"Loc1976",0.9,0.966666666666667,"A",1
"Loc1977",0.922222222222222,0.966666666666667,"A",1
"Loc1978",0.944444444444445,0.966666666666667,"A",1
"Loc1979",0.966666666666667,0.966666666666667,"A",1
"Loc1980",0.988888888888889,0.966666666666667,"A",1
"Loc1981",0.0111111111111111,0.988888888888889,"A",1
"Loc1982",0.0333333333333333,0.988888888888889,"A",1
"Loc1983",0.0555555555555556,0.988888888888889,"A",1
"Loc1984",0.0777777777777778,0.988888888888889,"A",1
"Loc1985",0.1,0.988888888888889,"A",1
"Loc1986",0.122222222222222,0.988888888888889,"A",1
"Loc1987",0.144444444444444,0.988888888888889,"A",1
"Loc1988",0.166666666666667,0.988888888888889,"A",1
"Loc1989",0.188888888888889,0.988888888888889,"A",1
"Loc1990",0.211111111111111,0.988888888888889,"A",1
"Loc1991",0.233333333333333,0.988888888888889,"A",1
"Loc1992",0.255555555555556,0.988888888888889,"A",1
"Loc1993",0.277777777777778,0.988888888888889,"A",1
"Loc1994",0.3,0.988888888888889,"A",1
"Loc1995",0.322222222222222,0.988888888888889,"A",1
"Loc1996",0.344444444444444,0.988888888888889,"A",1
"Loc1997",0.366666666666667,0.988888888888889,"A",1
"Loc1998",0.388888888888889,0.988888888888889,"A",1
"Loc1999",0.411111111111111,0.988888888888889,"A",1
"Loc2000",0.433333333333333,0.988888888888889,"A",1
"Loc2001",0.455555555555556,0.988888888888889,"A",1
"Loc2002",0.477777777777778,0.988888888888889,"A",1
"Loc2003",0.5,0.988888888888889,"A",1
"Loc2004",0.522222222222222,0.988888888888889,"A",1
"Loc2005",0.544444444444445,0.988888888888889,"A",1
"Loc2006",0.566666666666667,0.988888888888889,"A",1
"Loc2007",0.588888888888889,0.988888888888889,"A",1
"Loc2008",0.611111111111111,0.988888888888889,"A",1
"Loc2009",0.633333333333333,0.988888888888889,"A",1
"Loc2010",0.655555555555556,0.988888888888889,"A",1
"Loc2011",0.677777777777778,0.988888888888889,"A",1
"Loc2012",0.7,0.988888888888889,"A",1
"Loc2013",0.722222222222222,0.988888888888889,"A",1
"Loc2014",0.744444444444444,0.988888888888889,"A",1
"Loc2015",0.766666666666667,0.988888888888889,"A",1
"Loc2016",0.788888888888889,0.988888888888889,"A",1
"Loc2017",0.811111111111111,0.988888888888889,"A",1
"Loc2018",0.833333333333333,0.988888888888889,"A",1
"Loc2019",0.855555555555556,0.988888888888889,"A",1
"Loc2020",0.877777777777778,0.988888888888889,"A",1
"Loc2021",0.9,0.988888888888889,"A",1
"Loc2022",0.922222222222222,0.988888888888889,"A",1
"Loc2023",0.944444444444445,0.988888888888889,"A",1
"Loc2024",0.966666666666667,0.988888888888889,"A",1
"Loc2025",0.988888888888889,0.988888888888889,"A",1
